# Blender 4.5.3 LTS
# www.blender.org
mtllib Small Taser.mtl
o Cube
v -0.025068 0.389213 0.181000
v -0.071517 0.032116 -0.158849
v -0.041517 0.032116 -0.188849
v -0.041517 0.002116 -0.158849
v -0.024586 0.518200 0.181000
v -0.070048 0.032116 -0.168122
v -0.065790 0.032116 -0.176480
v -0.023159 0.522902 0.181000
v -0.070048 0.022844 -0.158849
v -0.068309 0.022598 -0.168421
v -0.020843 0.527236 0.181000
v -0.064289 0.022908 -0.176074
v -0.065790 0.014485 -0.158849
v -0.017726 0.531034 0.181000
v -0.064267 0.014876 -0.168081
v -0.061418 0.016242 -0.174723
v -0.013927 0.534152 0.181000
v -0.041517 0.022844 -0.187380
v -0.041517 0.014485 -0.183122
v -0.009593 0.536468 0.181000
v -0.050789 0.032116 -0.187380
v -0.051035 0.022544 -0.185641
v -0.004891 0.537895 0.181000
v -0.050725 0.014891 -0.181621
v -0.059148 0.032116 -0.183122
v -0.000000 0.538377 0.181000
v -0.058757 0.022884 -0.181600
v -0.057391 0.016242 -0.178751
v 0.004890 0.537895 0.181000
v -0.050789 0.003585 -0.158849
v -0.059148 0.007843 -0.158849
v 0.009593 0.536468 0.181000
v -0.041517 0.003585 -0.168122
v -0.051089 0.005324 -0.168367
v 0.013926 0.534152 0.181000
v -0.058741 0.009344 -0.168057
v -0.041517 0.007843 -0.176480
v 0.017725 0.531034 0.181000
v -0.050749 0.009366 -0.176089
v -0.057391 0.012214 -0.174723
v 0.020843 0.527236 0.181000
v 0.041517 0.032116 -0.188849
v 0.071517 0.032116 -0.158849
v 0.023159 0.522902 0.181000
v 0.041517 0.002116 -0.158849
v 0.050789 0.032116 -0.187380
v 0.024585 0.518200 0.181000
v 0.059148 0.032116 -0.183122
v 0.041517 0.022844 -0.187380
v 0.025067 0.389213 0.181000
v 0.051089 0.022598 -0.185641
v 0.058741 0.022908 -0.181621
v 0.024585 0.384323 0.181000
v 0.041517 0.014485 -0.183122
v 0.023159 0.379620 0.181000
v 0.050749 0.014876 -0.181600
v 0.057391 0.016242 -0.178751
v 0.020843 0.375286 0.181000
v 0.070048 0.022844 -0.158849
v 0.065790 0.014485 -0.158849
v 0.070048 0.032116 -0.168122
v 0.017725 0.371488 0.181000
v 0.068309 0.022544 -0.168367
v 0.064288 0.014891 -0.168057
v 0.013926 0.368370 0.181000
v 0.065790 0.032116 -0.176480
v 0.064267 0.022884 -0.176089
v 0.009593 0.366054 0.181000
v 0.061418 0.016242 -0.174723
v 0.041517 0.003585 -0.168122
v 0.004890 0.364627 0.181000
v 0.041517 0.007843 -0.176480
v 0.050789 0.003585 -0.158849
v -0.000000 0.364146 0.181000
v 0.051035 0.005324 -0.168421
v 0.050725 0.009344 -0.176074
v -0.004891 0.364627 0.181000
v 0.059148 0.007843 -0.158849
v 0.058757 0.009366 -0.168081
v -0.009593 0.366054 0.181000
v 0.057390 0.012214 -0.174723
v -0.071517 0.032116 0.158849
v -0.013927 0.368370 0.181000
v -0.041517 0.002116 0.158849
v -0.017726 0.371488 0.181000
v -0.041517 0.032116 0.188849
v -0.070048 0.022844 0.158849
v -0.065790 0.014485 0.158849
v -0.020843 0.375286 0.181000
v -0.070048 0.032116 0.168122
v -0.068309 0.022544 0.168367
v -0.023159 0.379620 0.181000
v -0.064289 0.014891 0.168057
v -0.024586 0.384323 0.181000
v -0.065790 0.032116 0.176480
v -0.064267 0.022884 0.176089
v -0.061418 0.016242 0.174723
v -0.041517 0.003585 0.168122
v -0.041517 0.007843 0.176480
v -0.050789 0.003585 0.158849
v -0.051035 0.005324 0.168421
v -0.050725 0.009344 0.176074
v -0.059148 0.007843 0.158849
v -0.058757 0.009366 0.168081
v -0.057391 0.012214 0.174723
v -0.050789 0.032116 0.187380
v -0.059148 0.032116 0.183122
v -0.041517 0.022844 0.187380
v -0.051089 0.022598 0.185641
v -0.058741 0.022908 0.181621
v -0.041517 0.014485 0.183122
v -0.050749 0.014876 0.181600
v -0.057391 0.016242 0.178751
v 0.071517 0.032116 0.158849
v 0.041517 0.032116 0.188849
v 0.041517 0.002116 0.158849
v 0.070048 0.032116 0.168122
v 0.065790 0.032116 0.176480
v 0.070048 0.022844 0.158849
v 0.068309 0.022598 0.168421
v 0.064288 0.022908 0.176074
v 0.065790 0.014485 0.158849
v 0.064267 0.014876 0.168081
v 0.061418 0.016242 0.174723
v 0.041517 0.022844 0.187380
v 0.041517 0.014485 0.183122
v 0.050789 0.032116 0.187380
v 0.051035 0.022544 0.185641
v 0.050725 0.014891 0.181621
v 0.059148 0.032116 0.183122
v 0.058757 0.022884 0.181600
v 0.057390 0.016242 0.178751
v 0.050789 0.003585 0.158849
v 0.059148 0.007843 0.158849
v 0.041517 0.003585 0.168122
v 0.051089 0.005324 0.168367
v 0.058741 0.009344 0.168057
v 0.041517 0.007843 0.176480
v 0.050749 0.009366 0.176089
v 0.057390 0.012214 0.174723
v -0.071517 0.836617 -0.158849
v -0.041517 0.866617 -0.158849
v -0.041517 0.836617 -0.188849
v -0.070048 0.845890 -0.158849
v -0.065790 0.854248 -0.158849
v -0.070048 0.836617 -0.168122
v -0.068309 0.846189 -0.168367
v -0.064288 0.853842 -0.168057
v -0.065790 0.836617 -0.176480
v -0.064267 0.845849 -0.176089
v -0.061418 0.852491 -0.174723
v -0.041517 0.865148 -0.168122
v -0.041517 0.860890 -0.176480
v -0.050789 0.865148 -0.158849
v -0.051035 0.863409 -0.168421
v -0.050725 0.859389 -0.176074
v -0.059148 0.860890 -0.158849
v -0.058757 0.859368 -0.168081
v -0.057390 0.856519 -0.174723
v -0.050789 0.836617 -0.187380
v -0.059148 0.836617 -0.183122
v -0.041517 0.845890 -0.187380
v -0.051089 0.846135 -0.185641
v -0.058741 0.845825 -0.181621
v -0.041517 0.854248 -0.183122
v -0.050749 0.853857 -0.181600
v -0.057390 0.852491 -0.178751
v 0.071517 0.836617 -0.158849
v 0.041517 0.836617 -0.188849
v 0.041517 0.866617 -0.158849
v 0.070048 0.836617 -0.168122
v 0.065790 0.836617 -0.176480
v 0.070048 0.845890 -0.158849
v 0.068309 0.846135 -0.168421
v 0.064289 0.845825 -0.176074
v 0.065790 0.854248 -0.158849
v 0.064267 0.853857 -0.168081
v 0.061418 0.852491 -0.174723
v 0.041517 0.845890 -0.187380
v 0.041517 0.854248 -0.183122
v 0.050789 0.836617 -0.187380
v 0.051035 0.846189 -0.185641
v 0.050725 0.853842 -0.181621
v 0.059148 0.836617 -0.183122
v 0.058757 0.845849 -0.181600
v 0.057391 0.852491 -0.178751
v 0.050789 0.865148 -0.158849
v 0.059148 0.860890 -0.158849
v 0.041517 0.865148 -0.168122
v 0.051089 0.863409 -0.168367
v 0.058741 0.859389 -0.168057
v 0.041517 0.860890 -0.176480
v 0.050749 0.859368 -0.176089
v 0.057391 0.856519 -0.174723
v -0.071517 0.836617 0.158849
v -0.041517 0.836617 0.188849
v -0.041517 0.866617 0.158849
v -0.070048 0.836617 0.168122
v -0.065790 0.836617 0.176480
v -0.070048 0.845890 0.158849
v -0.068309 0.846135 0.168421
v -0.064288 0.845825 0.176074
v -0.065790 0.854248 0.158849
v -0.064267 0.853857 0.168081
v -0.061418 0.852491 0.174723
v -0.041517 0.845890 0.187380
v -0.041517 0.854248 0.183122
v -0.050789 0.836617 0.187380
v -0.051035 0.846189 0.185641
v -0.050725 0.853842 0.181621
v -0.059148 0.836617 0.183122
v -0.058757 0.845849 0.181600
v -0.057390 0.852491 0.178751
v -0.050789 0.865148 0.158849
v -0.059148 0.860890 0.158849
v -0.041517 0.865148 0.168122
v -0.051089 0.863409 0.168367
v -0.058741 0.859389 0.168057
v -0.041517 0.860890 0.176480
v -0.050749 0.859368 0.176089
v -0.057391 0.856519 0.174723
v 0.071517 0.836617 0.158849
v 0.041517 0.866617 0.158849
v 0.041517 0.836617 0.188849
v 0.070048 0.845890 0.158849
v 0.065790 0.854248 0.158849
v 0.070048 0.836617 0.168122
v 0.068309 0.846189 0.168367
v 0.064289 0.853842 0.168057
v 0.065790 0.836617 0.176480
v 0.064267 0.845849 0.176089
v 0.061418 0.852491 0.174723
v 0.041517 0.865148 0.168122
v 0.041517 0.860890 0.176480
v 0.050789 0.865148 0.158849
v 0.051035 0.863409 0.168421
v 0.050725 0.859389 0.176074
v 0.059148 0.860890 0.158849
v 0.058757 0.859368 0.168081
v 0.057391 0.856519 0.174723
v 0.050789 0.836617 0.187380
v 0.059148 0.836617 0.183122
v 0.041517 0.845890 0.187380
v 0.051089 0.846135 0.185641
v 0.058741 0.845825 0.181621
v 0.041517 0.854248 0.183122
v 0.050749 0.853857 0.181600
v 0.057391 0.852491 0.178751
v -0.071517 0.723061 0.158849
v -0.071517 0.145672 0.158849
v -0.070048 0.145672 0.168122
v -0.070048 0.723061 0.168122
v -0.065790 0.145672 0.176480
v -0.065790 0.723061 0.176480
v -0.059148 0.145672 0.183122
v -0.059148 0.723061 0.183122
v -0.050789 0.145672 0.187380
v -0.050789 0.723061 0.187380
v -0.041517 0.145672 0.188849
v -0.041517 0.723061 0.188849
v 0.071517 0.145672 0.158849
v 0.071517 0.723061 0.158849
v 0.070048 0.723061 0.168122
v 0.070048 0.145672 0.168122
v 0.065790 0.723061 0.176480
v 0.065790 0.145672 0.176480
v 0.059148 0.723061 0.183122
v 0.059148 0.145672 0.183122
v 0.050789 0.723061 0.187380
v 0.050789 0.145672 0.187380
v 0.041517 0.723061 0.188849
v 0.041517 0.145672 0.188849
v -0.071517 0.145672 -0.158849
v -0.071517 0.723061 -0.158849
v -0.070048 0.723061 -0.168122
v -0.070048 0.145672 -0.168122
v -0.065790 0.723061 -0.176480
v -0.065790 0.145672 -0.176480
v -0.059148 0.723061 -0.183122
v -0.059148 0.145672 -0.183122
v -0.050789 0.723061 -0.187380
v -0.050789 0.145672 -0.187380
v -0.041517 0.723061 -0.188849
v -0.041517 0.145672 -0.188849
v 0.071517 0.723061 -0.158849
v 0.071517 0.145672 -0.158849
v 0.070048 0.145672 -0.168122
v 0.070048 0.723061 -0.168122
v 0.065790 0.145672 -0.176480
v 0.065790 0.723061 -0.176480
v 0.059148 0.145672 -0.183122
v 0.059148 0.723061 -0.183122
v 0.050789 0.145672 -0.187380
v 0.050789 0.723061 -0.187380
v 0.041517 0.145672 -0.188849
v 0.041517 0.723061 -0.188849
v -0.071517 0.716233 0.158849
v -0.071517 0.152499 0.158849
v -0.070048 0.152499 0.168122
v -0.070048 0.716233 0.168122
v -0.065790 0.152499 0.176480
v -0.065790 0.716233 0.176480
v -0.059148 0.152499 0.183122
v -0.059148 0.716233 0.183122
v -0.050789 0.152499 0.187380
v -0.050789 0.716233 0.187380
v -0.041517 0.152499 0.188849
v -0.041517 0.716233 0.188849
v 0.071517 0.152499 0.158849
v 0.071517 0.716233 0.158849
v 0.070048 0.716233 0.168122
v 0.070048 0.152499 0.168122
v 0.065790 0.716233 0.176480
v 0.065790 0.152499 0.176480
v 0.059148 0.716233 0.183122
v 0.059148 0.152499 0.183122
v 0.050789 0.716233 0.187380
v 0.050789 0.152499 0.187380
v 0.041517 0.716233 0.188849
v 0.041517 0.152499 0.188849
v -0.071517 0.152499 -0.158849
v -0.071517 0.716233 -0.158849
v -0.070048 0.716233 -0.168122
v -0.070048 0.152499 -0.168122
v -0.065790 0.716233 -0.176480
v -0.065790 0.152499 -0.176480
v -0.059148 0.716233 -0.183122
v -0.059148 0.152499 -0.183122
v -0.050789 0.716233 -0.187380
v -0.050789 0.152499 -0.187380
v -0.041517 0.716233 -0.188849
v -0.041517 0.152499 -0.188849
v 0.071517 0.716233 -0.158849
v 0.071517 0.152499 -0.158849
v 0.070048 0.152499 -0.168122
v 0.070048 0.716233 -0.168122
v 0.065790 0.152499 -0.176480
v 0.065790 0.716233 -0.176480
v 0.059148 0.152499 -0.183122
v 0.059148 0.716233 -0.183122
v 0.050789 0.152499 -0.187380
v 0.050789 0.716233 -0.187380
v 0.041517 0.152499 -0.188849
v 0.041517 0.716233 -0.188849
v -0.067505 0.152499 0.158534
v -0.067505 0.145672 0.158534
v -0.066221 0.716233 0.166878
v -0.066221 0.723061 0.166878
v -0.062534 0.716233 0.174114
v -0.062534 0.723061 0.174114
v -0.056782 0.716233 0.179866
v -0.056782 0.723061 0.179866
v -0.049546 0.716233 0.183553
v -0.049546 0.723061 0.183553
v -0.041201 0.716233 0.184837
v -0.041201 0.723061 0.184837
v 0.067505 0.716233 0.158534
v 0.067505 0.723061 0.158534
v 0.066221 0.152499 0.166878
v 0.066221 0.145672 0.166878
v 0.062534 0.152499 0.174114
v 0.062534 0.145672 0.174114
v 0.056782 0.152499 0.179866
v 0.056782 0.145672 0.179866
v 0.049546 0.152499 0.183553
v 0.049546 0.145672 0.183553
v 0.041201 0.152499 0.184837
v 0.041201 0.145672 0.184837
v -0.067505 0.716233 -0.158534
v -0.067505 0.723061 -0.158534
v -0.066221 0.152499 -0.166878
v -0.066221 0.145672 -0.166878
v -0.062534 0.152499 -0.174114
v -0.062534 0.145672 -0.174114
v -0.056782 0.152499 -0.179866
v -0.056782 0.145672 -0.179866
v -0.049546 0.152499 -0.183553
v -0.049546 0.145672 -0.183553
v -0.041201 0.152499 -0.184837
v -0.041201 0.145672 -0.184837
v 0.067505 0.152499 -0.158534
v 0.067505 0.145672 -0.158534
v 0.066221 0.716233 -0.166878
v 0.066221 0.723061 -0.166878
v 0.062534 0.716233 -0.174114
v 0.062534 0.723061 -0.174114
v 0.056782 0.716233 -0.179866
v 0.056782 0.723061 -0.179866
v 0.049546 0.716233 -0.183553
v 0.049546 0.723061 -0.183553
v 0.041201 0.716233 -0.184837
v 0.041201 0.723061 -0.184837
v -0.041201 0.145672 0.184837
v 0.041201 0.723061 0.184837
v 0.067505 0.723061 -0.158534
v 0.067505 0.145672 0.158534
v -0.041201 0.723061 -0.184837
v 0.041201 0.145672 -0.184837
v -0.067505 0.145672 -0.158534
v -0.067505 0.723061 0.158534
v 0.049546 0.145672 -0.183553
v 0.056782 0.145672 -0.179866
v 0.062534 0.145672 -0.174114
v 0.066221 0.145672 -0.166878
v -0.049546 0.723061 -0.183553
v -0.056782 0.723061 -0.179866
v -0.062534 0.723061 -0.174114
v -0.066221 0.723061 -0.166878
v 0.049546 0.723061 0.183553
v 0.056782 0.723061 0.179866
v 0.062534 0.723061 0.174114
v 0.066221 0.723061 0.166878
v -0.049546 0.145672 0.183553
v -0.056782 0.145672 0.179866
v -0.062534 0.145672 0.174114
v -0.066221 0.145672 0.166878
v -0.067505 0.716233 0.158534
v -0.066221 0.152499 0.166878
v -0.062534 0.152499 0.174114
v -0.056782 0.152499 0.179866
v -0.049546 0.152499 0.183553
v -0.041201 0.152499 0.184837
v 0.067505 0.152499 0.158534
v 0.066221 0.716233 0.166878
v 0.062534 0.716233 0.174114
v 0.056782 0.716233 0.179866
v 0.049546 0.716233 0.183553
v 0.041201 0.716233 0.184837
v -0.067505 0.152499 -0.158534
v -0.066221 0.716233 -0.166878
v -0.062534 0.716233 -0.174114
v -0.056782 0.716233 -0.179866
v -0.049546 0.716233 -0.183553
v -0.041201 0.716233 -0.184837
v 0.067505 0.716233 -0.158534
v 0.066221 0.152499 -0.166878
v 0.062534 0.152499 -0.174114
v 0.056782 0.152499 -0.179866
v 0.049546 0.152499 -0.183553
v 0.041201 0.152499 -0.184837
v -0.071517 0.836617 -0.084422
v -0.071517 0.836617 0.084422
v -0.071070 0.839441 0.088631
v -0.071070 0.839441 -0.088631
v -0.070048 0.845890 -0.094891
v -0.070048 0.845890 0.094891
v -0.065790 0.854248 -0.103006
v -0.065790 0.854248 0.103006
v -0.059148 0.860890 -0.109454
v -0.059148 0.860890 0.109454
v -0.052371 0.864343 0.112806
v -0.052371 0.864343 -0.112806
v -0.050789 0.865148 -0.113333
v -0.050789 0.865148 0.113333
v -0.041517 0.866617 -0.114293
v -0.041517 0.866617 0.114293
v 0.071070 0.839441 -0.088631
v 0.071517 0.836617 -0.084422
v 0.071517 0.836617 0.084422
v 0.071070 0.839441 0.088631
v 0.070048 0.845890 -0.094891
v 0.070048 0.845890 0.094891
v 0.065790 0.854248 -0.103006
v 0.065790 0.854248 0.103006
v 0.059148 0.860890 -0.109454
v 0.059148 0.860890 0.109454
v 0.052371 0.864343 -0.112806
v 0.050789 0.865148 -0.113333
v 0.050789 0.865148 0.113333
v 0.052371 0.864343 0.112806
v 0.041517 0.866617 -0.114293
v 0.041517 0.866617 0.114293
v -0.071517 0.805696 -0.000000
v -0.071517 0.809544 -0.031123
v -0.071517 0.809544 0.031123
v -0.071517 0.820938 -0.061050
v -0.071517 0.820938 0.061050
v 0.071517 0.805696 0.000000
v 0.071517 0.809544 -0.031123
v 0.071517 0.809544 0.031123
v 0.071517 0.820938 0.061050
v 0.071517 0.820938 -0.061050
v 0.071517 0.466846 0.030035
v 0.071517 0.543549 -0.000001
v 0.071517 0.466846 -0.030036
v 0.071517 0.467277 -0.099774
v 0.071517 0.421226 -0.047202
v 0.071517 0.338183 -0.068134
v 0.071517 0.387383 -0.000001
v 0.071517 0.338183 0.068132
v 0.071517 0.421226 0.047200
v 0.071517 0.467277 0.099773
v -0.000000 0.364146 0.188849
v -0.009593 0.366054 0.188849
v -0.004891 0.364627 0.188849
v 0.004890 0.364627 0.188849
v 0.009593 0.366054 0.188849
v -0.013927 0.368370 0.188849
v 0.013926 0.368370 0.188849
v -0.017726 0.371488 0.188849
v 0.017725 0.371488 0.188849
v -0.020843 0.375286 0.188849
v 0.020843 0.375286 0.188849
v 0.024585 0.384323 0.188849
v 0.023159 0.379620 0.188849
v 0.023159 0.522902 0.188849
v 0.025067 0.389213 0.188849
v 0.013926 0.534152 0.188849
v 0.017725 0.531034 0.188849
v 0.004890 0.537895 0.188849
v 0.009593 0.536468 0.188849
v 0.020843 0.527236 0.188849
v 0.024585 0.518200 0.188849
v -0.024586 0.384323 0.188849
v -0.023159 0.379620 0.188849
v -0.023159 0.522902 0.188849
v -0.024586 0.518200 0.188849
v -0.025068 0.389213 0.188849
v -0.013927 0.534152 0.188849
v -0.017726 0.531034 0.188849
v -0.004891 0.537895 0.188849
v -0.000000 0.538377 0.188849
v -0.020843 0.527236 0.188849
v -0.009593 0.536468 0.188849
v -0.032381 0.647250 0.162822
v -0.032381 0.647250 0.197262
v -0.031759 0.653567 0.162822
v -0.031759 0.653567 0.197262
v -0.029916 0.659642 0.162822
v -0.029916 0.659642 0.197262
v -0.026924 0.665240 0.162822
v -0.026924 0.665240 0.197262
v -0.022897 0.670147 0.162822
v -0.022897 0.670147 0.197262
v -0.017990 0.674174 0.162822
v -0.017990 0.674174 0.197262
v -0.012392 0.677166 0.162822
v -0.012392 0.677166 0.197262
v -0.006317 0.679008 0.162822
v -0.006317 0.679008 0.197262
v 0.000000 0.679631 0.162822
v 0.000000 0.679631 0.197262
v 0.006317 0.679008 0.162822
v 0.006317 0.679008 0.197262
v 0.012392 0.677166 0.162822
v 0.012392 0.677166 0.197262
v 0.017990 0.674174 0.162822
v 0.017990 0.674174 0.197262
v 0.022897 0.670147 0.162822
v 0.022897 0.670147 0.197262
v 0.026924 0.665240 0.162822
v 0.026924 0.665240 0.197262
v 0.029916 0.659642 0.162822
v 0.029916 0.659642 0.197262
v 0.031759 0.653567 0.162822
v 0.031759 0.653567 0.197262
v 0.032381 0.647250 0.162822
v 0.032381 0.647250 0.197262
v 0.031759 0.640933 0.162822
v 0.031759 0.640933 0.197262
v 0.029916 0.634858 0.162822
v 0.029916 0.634858 0.197262
v 0.026924 0.629260 0.162822
v 0.026924 0.629260 0.197262
v 0.022897 0.624353 0.162822
v 0.022897 0.624353 0.197262
v 0.017990 0.620326 0.162822
v 0.017990 0.620326 0.197262
v 0.012392 0.617334 0.162822
v 0.012392 0.617334 0.197262
v 0.006317 0.615491 0.162822
v 0.006317 0.615491 0.197262
v 0.000000 0.614869 0.162822
v 0.000000 0.614869 0.197262
v -0.006317 0.615491 0.162822
v -0.006317 0.615491 0.197262
v -0.012392 0.617334 0.162822
v -0.012392 0.617334 0.197262
v -0.017990 0.620326 0.162822
v -0.017990 0.620326 0.197262
v -0.022897 0.624353 0.162822
v -0.022897 0.624353 0.197262
v -0.026924 0.629260 0.162822
v -0.026924 0.629260 0.197262
v -0.029916 0.634858 0.162822
v -0.029916 0.634858 0.197262
v -0.031759 0.640933 0.162822
v -0.031759 0.640933 0.197262
v -0.018479 0.833734 0.138593
v -0.018124 0.833734 0.134987
v -0.017072 0.833734 0.131521
v -0.015364 0.833734 0.128326
v -0.013066 0.833734 0.125526
v -0.010266 0.833734 0.123228
v -0.007071 0.833734 0.121520
v -0.003605 0.833734 0.120469
v 0.000000 0.833734 0.120114
v 0.003605 0.833734 0.120469
v 0.007072 0.833734 0.121520
v 0.010267 0.833734 0.123228
v 0.013067 0.833734 0.125526
v 0.015365 0.833734 0.128326
v 0.017073 0.833734 0.131521
v 0.018124 0.833734 0.134987
v 0.018479 0.833734 0.138593
v 0.018124 0.833734 0.142198
v 0.017073 0.833734 0.145664
v 0.015365 0.833734 0.148859
v 0.013067 0.833734 0.151659
v 0.010267 0.833734 0.153957
v 0.007072 0.833734 0.155665
v 0.003605 0.833734 0.156716
v 0.000000 0.833734 0.157072
v -0.003605 0.833734 0.156716
v -0.007071 0.833734 0.155665
v -0.010266 0.833734 0.153957
v -0.013066 0.833734 0.151659
v -0.015364 0.833734 0.148859
v -0.017072 0.833734 0.145664
v -0.018124 0.833734 0.142198
v -0.018479 0.878927 0.138593
v -0.018124 0.878927 0.134987
v -0.017072 0.878927 0.131521
v -0.015364 0.878927 0.128326
v -0.013066 0.878927 0.125526
v -0.010266 0.878927 0.123228
v -0.007071 0.878927 0.121520
v -0.003605 0.878927 0.120469
v 0.000000 0.878927 0.120114
v 0.003605 0.878927 0.120469
v 0.007072 0.878927 0.121520
v 0.010267 0.878927 0.123228
v 0.013067 0.878927 0.125526
v 0.015365 0.878927 0.128326
v 0.017073 0.878927 0.131521
v 0.018124 0.878927 0.134987
v 0.018479 0.878927 0.138593
v 0.018124 0.878927 0.142198
v 0.017073 0.878927 0.145664
v 0.015365 0.878927 0.148859
v 0.013067 0.878927 0.151659
v 0.010267 0.878927 0.153957
v 0.007072 0.878927 0.155665
v 0.003605 0.878927 0.156716
v 0.000000 0.878927 0.157072
v -0.003605 0.878927 0.156716
v -0.007071 0.878927 0.155665
v -0.010266 0.878927 0.153957
v -0.013066 0.878927 0.151659
v -0.015364 0.878927 0.148859
v -0.017072 0.878927 0.145664
v -0.018124 0.878927 0.142198
v -0.001691 0.926800 0.138592
v -0.004952 0.920738 0.138592
v -0.002390 0.926504 0.138592
v -0.003137 0.925643 0.138592
v -0.003858 0.924301 0.138592
v -0.004484 0.922611 0.138592
v -0.001658 0.926800 0.138263
v -0.004857 0.920738 0.137626
v -0.002344 0.926504 0.138126
v -0.003076 0.925643 0.137981
v -0.003784 0.924301 0.137840
v -0.004398 0.922611 0.137718
v -0.001562 0.926800 0.137946
v -0.004575 0.920738 0.136697
v -0.002208 0.926504 0.137678
v -0.002898 0.925643 0.137392
v -0.003564 0.924301 0.137116
v -0.004143 0.922611 0.136877
v -0.001406 0.926800 0.137653
v -0.004118 0.920738 0.135841
v -0.001987 0.926504 0.137265
v -0.002608 0.925643 0.136850
v -0.003208 0.924301 0.136449
v -0.003728 0.922611 0.136101
v -0.001195 0.926800 0.137397
v -0.003502 0.920738 0.135091
v -0.001690 0.926504 0.136903
v -0.002218 0.925643 0.136375
v -0.002728 0.924301 0.135864
v -0.003171 0.922611 0.135422
v -0.000939 0.926800 0.137187
v -0.002751 0.920738 0.134475
v -0.001328 0.926504 0.136606
v -0.001743 0.925643 0.135984
v -0.002143 0.924301 0.135384
v -0.002491 0.922611 0.134864
v -0.000647 0.926800 0.137031
v -0.001895 0.920738 0.134017
v -0.000914 0.926504 0.136385
v -0.001200 0.925643 0.135695
v -0.001476 0.924301 0.135028
v -0.001716 0.922611 0.134450
v -0.000330 0.926800 0.136934
v -0.000966 0.920738 0.133735
v -0.000466 0.926504 0.136249
v -0.000612 0.925643 0.135516
v -0.000753 0.924301 0.134808
v -0.000875 0.922611 0.134195
v -0.000000 0.926800 0.136902
v -0.000000 0.920738 0.133640
v -0.000000 0.926504 0.136203
v -0.000000 0.925643 0.135456
v -0.000000 0.924301 0.134734
v -0.000000 0.922611 0.134109
v 0.000330 0.926800 0.136934
v 0.000966 0.920738 0.133735
v 0.000466 0.926504 0.136249
v 0.000612 0.925643 0.135516
v 0.000753 0.924301 0.134808
v 0.000875 0.922611 0.134195
v 0.000647 0.926800 0.137031
v 0.001895 0.920738 0.134017
v 0.000914 0.926504 0.136385
v 0.001200 0.925643 0.135695
v 0.001476 0.924301 0.135028
v 0.001716 0.922611 0.134450
v 0.000939 0.926800 0.137187
v 0.002751 0.920738 0.134475
v 0.001328 0.926504 0.136606
v 0.001743 0.925643 0.135984
v 0.002143 0.924301 0.135384
v 0.002491 0.922611 0.134864
v 0.001195 0.926800 0.137397
v 0.003502 0.920738 0.135091
v 0.001690 0.926504 0.136903
v 0.002218 0.925643 0.136375
v 0.002728 0.924301 0.135864
v 0.003171 0.922611 0.135422
v 0.001406 0.926800 0.137653
v 0.004118 0.920738 0.135841
v 0.001987 0.926504 0.137265
v 0.002608 0.925643 0.136850
v 0.003208 0.924301 0.136449
v 0.003728 0.922611 0.136101
v 0.001562 0.926800 0.137946
v 0.004575 0.920738 0.136697
v 0.002208 0.926504 0.137678
v 0.002898 0.925643 0.137392
v 0.003564 0.924301 0.137116
v 0.004143 0.922611 0.136877
v 0.001658 0.926800 0.138263
v 0.004857 0.920738 0.137626
v 0.002344 0.926504 0.138126
v 0.003076 0.925643 0.137981
v 0.003784 0.924301 0.137840
v 0.004398 0.922611 0.137718
v 0.001691 0.926800 0.138592
v 0.004952 0.920738 0.138592
v 0.002390 0.926504 0.138592
v 0.003137 0.925643 0.138592
v 0.003858 0.924301 0.138592
v 0.004484 0.922611 0.138592
v 0.001658 0.926800 0.138922
v 0.004857 0.920738 0.139559
v 0.002344 0.926504 0.139059
v 0.003076 0.925643 0.139204
v 0.003784 0.924301 0.139345
v 0.004398 0.922611 0.139467
v 0.001562 0.926800 0.139239
v 0.004575 0.920738 0.140488
v 0.002208 0.926504 0.139507
v 0.002898 0.925643 0.139793
v 0.003564 0.924301 0.140069
v 0.004143 0.922611 0.140308
v 0.001406 0.926800 0.139532
v 0.004118 0.920738 0.141344
v 0.001987 0.926504 0.139920
v 0.002608 0.925643 0.140335
v 0.003208 0.924301 0.140736
v 0.003728 0.922611 0.141084
v 0.001195 0.926800 0.139788
v 0.003502 0.920738 0.142094
v 0.001690 0.926504 0.140282
v 0.002218 0.925643 0.140810
v 0.002728 0.924301 0.141321
v 0.003171 0.922611 0.141763
v 0.000939 0.926800 0.139998
v 0.002751 0.920738 0.142710
v 0.001328 0.926504 0.140579
v 0.001743 0.925643 0.141200
v 0.002143 0.924301 0.141800
v 0.002491 0.922611 0.142321
v 0.000647 0.926800 0.140154
v 0.001895 0.920738 0.143168
v 0.000914 0.926504 0.140800
v 0.001200 0.925643 0.141490
v 0.001476 0.924301 0.142157
v 0.001716 0.922611 0.142735
v 0.000330 0.926800 0.140250
v 0.000966 0.920738 0.143450
v 0.000466 0.926504 0.140936
v 0.000612 0.925643 0.141669
v 0.000753 0.924301 0.142376
v 0.000875 0.922611 0.142990
v -0.000000 0.926800 0.140283
v -0.000000 0.920738 0.143545
v -0.000000 0.926504 0.140982
v -0.000000 0.925643 0.141729
v -0.000000 0.924301 0.142451
v -0.000000 0.922611 0.143076
v -0.000330 0.926800 0.140250
v -0.000966 0.920738 0.143450
v -0.000466 0.926504 0.140936
v -0.000612 0.925643 0.141669
v -0.000753 0.924301 0.142376
v -0.000875 0.922611 0.142990
v -0.000647 0.926800 0.140154
v -0.001895 0.920738 0.143168
v -0.000914 0.926504 0.140800
v -0.001200 0.925643 0.141490
v -0.001476 0.924301 0.142157
v -0.001716 0.922611 0.142735
v -0.000939 0.926800 0.139998
v -0.002751 0.920738 0.142710
v -0.001328 0.926504 0.140579
v -0.001743 0.925643 0.141200
v -0.002143 0.924301 0.141800
v -0.002491 0.922611 0.142321
v -0.001195 0.926800 0.139788
v -0.003502 0.920738 0.142094
v -0.001690 0.926504 0.140282
v -0.002218 0.925643 0.140810
v -0.002728 0.924301 0.141321
v -0.003171 0.922611 0.141763
v -0.001406 0.926800 0.139532
v -0.004118 0.920738 0.141344
v -0.001987 0.926504 0.139920
v -0.002608 0.925643 0.140335
v -0.003208 0.924301 0.140736
v -0.003728 0.922611 0.141084
v -0.001562 0.926800 0.139239
v -0.004575 0.920738 0.140488
v -0.002208 0.926504 0.139507
v -0.002898 0.925643 0.139793
v -0.003564 0.924301 0.140069
v -0.004143 0.922611 0.140308
v -0.001658 0.926800 0.138922
v -0.004857 0.920738 0.139559
v -0.002344 0.926504 0.139059
v -0.003076 0.925643 0.139204
v -0.003784 0.924301 0.139345
v -0.004398 0.922611 0.139467
v -0.018479 0.833734 -0.138592
v -0.018124 0.833734 -0.142197
v -0.017072 0.833734 -0.145664
v -0.015364 0.833734 -0.148859
v -0.013066 0.833734 -0.151659
v -0.010266 0.833734 -0.153957
v -0.007071 0.833734 -0.155665
v -0.003605 0.833734 -0.156716
v 0.000000 0.833734 -0.157071
v 0.003605 0.833734 -0.156716
v 0.007072 0.833734 -0.155665
v 0.010267 0.833734 -0.153957
v 0.013067 0.833734 -0.151659
v 0.015365 0.833734 -0.148859
v 0.017073 0.833734 -0.145664
v 0.018124 0.833734 -0.142197
v 0.018479 0.833734 -0.138592
v 0.018124 0.833734 -0.134987
v 0.017073 0.833734 -0.131521
v 0.015365 0.833734 -0.128326
v 0.013067 0.833734 -0.125526
v 0.010267 0.833734 -0.123228
v 0.007072 0.833734 -0.121520
v 0.003605 0.833734 -0.120468
v 0.000000 0.833734 -0.120113
v -0.003605 0.833734 -0.120468
v -0.007071 0.833734 -0.121520
v -0.010266 0.833734 -0.123228
v -0.013066 0.833734 -0.125526
v -0.015364 0.833734 -0.128326
v -0.017072 0.833734 -0.131521
v -0.018124 0.833734 -0.134987
v -0.018479 0.878927 -0.138592
v -0.018124 0.878927 -0.142197
v -0.017072 0.878927 -0.145664
v -0.015364 0.878927 -0.148859
v -0.013066 0.878927 -0.151659
v -0.010266 0.878927 -0.153957
v -0.007071 0.878927 -0.155665
v -0.003605 0.878927 -0.156716
v 0.000000 0.878927 -0.157071
v 0.003605 0.878927 -0.156716
v 0.007072 0.878927 -0.155665
v 0.010267 0.878927 -0.153957
v 0.013067 0.878927 -0.151659
v 0.015365 0.878927 -0.148859
v 0.017073 0.878927 -0.145664
v 0.018124 0.878927 -0.142197
v 0.018479 0.878927 -0.138592
v 0.018124 0.878927 -0.134987
v 0.017073 0.878927 -0.131521
v 0.015365 0.878927 -0.128326
v 0.013067 0.878927 -0.125526
v 0.010267 0.878927 -0.123228
v 0.007072 0.878927 -0.121520
v 0.003605 0.878927 -0.120468
v 0.000000 0.878927 -0.120113
v -0.003605 0.878927 -0.120468
v -0.007071 0.878927 -0.121520
v -0.010266 0.878927 -0.123228
v -0.013066 0.878927 -0.125526
v -0.015364 0.878927 -0.128326
v -0.017072 0.878927 -0.131521
v -0.018124 0.878927 -0.134987
v -0.001690 0.926800 -0.138593
v -0.004952 0.920738 -0.138593
v -0.002390 0.926504 -0.138593
v -0.003137 0.925643 -0.138593
v -0.003858 0.924301 -0.138593
v -0.004484 0.922611 -0.138593
v -0.001658 0.926800 -0.138922
v -0.004857 0.920738 -0.139559
v -0.002344 0.926504 -0.139059
v -0.003076 0.925643 -0.139204
v -0.003784 0.924301 -0.139345
v -0.004398 0.922611 -0.139467
v -0.001562 0.926800 -0.139239
v -0.004575 0.920738 -0.140488
v -0.002208 0.926504 -0.139507
v -0.002898 0.925643 -0.139793
v -0.003564 0.924301 -0.140069
v -0.004142 0.922611 -0.140308
v -0.001406 0.926800 -0.139532
v -0.004118 0.920738 -0.141344
v -0.001987 0.926504 -0.139920
v -0.002608 0.925643 -0.140335
v -0.003208 0.924301 -0.140736
v -0.003728 0.922611 -0.141084
v -0.001195 0.926800 -0.139788
v -0.003502 0.920738 -0.142094
v -0.001690 0.926504 -0.140282
v -0.002218 0.925643 -0.140810
v -0.002728 0.924301 -0.141321
v -0.003171 0.922611 -0.141763
v -0.000939 0.926800 -0.139998
v -0.002751 0.920738 -0.142710
v -0.001328 0.926504 -0.140579
v -0.001743 0.925643 -0.141200
v -0.002143 0.924301 -0.141800
v -0.002491 0.922611 -0.142321
v -0.000647 0.926800 -0.140154
v -0.001895 0.920738 -0.143168
v -0.000914 0.926504 -0.140800
v -0.001200 0.925643 -0.141490
v -0.001476 0.924301 -0.142157
v -0.001716 0.922611 -0.142735
v -0.000330 0.926800 -0.140251
v -0.000966 0.920738 -0.143450
v -0.000466 0.926504 -0.140936
v -0.000612 0.925643 -0.141669
v -0.000753 0.924301 -0.142377
v -0.000875 0.922611 -0.142990
v 0.000000 0.926800 -0.140283
v 0.000000 0.920738 -0.143545
v 0.000000 0.926504 -0.140982
v 0.000000 0.925643 -0.141729
v 0.000000 0.924301 -0.142451
v 0.000000 0.922611 -0.143076
v 0.000330 0.926800 -0.140251
v 0.000966 0.920738 -0.143450
v 0.000466 0.926504 -0.140936
v 0.000612 0.925643 -0.141669
v 0.000753 0.924301 -0.142377
v 0.000875 0.922611 -0.142990
v 0.000647 0.926800 -0.140154
v 0.001895 0.920738 -0.143168
v 0.000914 0.926504 -0.140800
v 0.001200 0.925643 -0.141490
v 0.001476 0.924301 -0.142157
v 0.001716 0.922611 -0.142735
v 0.000939 0.926800 -0.139998
v 0.002751 0.920738 -0.142710
v 0.001328 0.926504 -0.140579
v 0.001743 0.925643 -0.141200
v 0.002143 0.924301 -0.141800
v 0.002491 0.922611 -0.142321
v 0.001195 0.926800 -0.139788
v 0.003502 0.920738 -0.142094
v 0.001690 0.926504 -0.140282
v 0.002218 0.925643 -0.140810
v 0.002728 0.924301 -0.141321
v 0.003171 0.922611 -0.141763
v 0.001406 0.926800 -0.139532
v 0.004118 0.920738 -0.141344
v 0.001987 0.926504 -0.139920
v 0.002608 0.925643 -0.140335
v 0.003208 0.924301 -0.140736
v 0.003728 0.922611 -0.141084
v 0.001562 0.926800 -0.139239
v 0.004575 0.920738 -0.140488
v 0.002208 0.926504 -0.139507
v 0.002898 0.925643 -0.139793
v 0.003564 0.924301 -0.140069
v 0.004143 0.922611 -0.140308
v 0.001658 0.926800 -0.138922
v 0.004857 0.920738 -0.139559
v 0.002344 0.926504 -0.139059
v 0.003076 0.925643 -0.139204
v 0.003784 0.924301 -0.139345
v 0.004398 0.922611 -0.139467
v 0.001691 0.926800 -0.138593
v 0.004952 0.920738 -0.138593
v 0.002390 0.926504 -0.138593
v 0.003137 0.925643 -0.138593
v 0.003858 0.924301 -0.138593
v 0.004484 0.922611 -0.138593
v 0.001658 0.926800 -0.138263
v 0.004857 0.920738 -0.137626
v 0.002344 0.926504 -0.138126
v 0.003076 0.925643 -0.137981
v 0.003784 0.924301 -0.137840
v 0.004398 0.922611 -0.137718
v 0.001562 0.926800 -0.137946
v 0.004575 0.920738 -0.136697
v 0.002208 0.926504 -0.137678
v 0.002898 0.925643 -0.137392
v 0.003564 0.924301 -0.137116
v 0.004143 0.922611 -0.136877
v 0.001406 0.926800 -0.137653
v 0.004118 0.920738 -0.135841
v 0.001987 0.926504 -0.137265
v 0.002608 0.925643 -0.136850
v 0.003208 0.924301 -0.136449
v 0.003728 0.922611 -0.136101
v 0.001195 0.926800 -0.137397
v 0.003502 0.920738 -0.135091
v 0.001690 0.926504 -0.136903
v 0.002218 0.925643 -0.136375
v 0.002728 0.924301 -0.135864
v 0.003171 0.922611 -0.135422
v 0.000939 0.926800 -0.137187
v 0.002751 0.920738 -0.134475
v 0.001328 0.926504 -0.136606
v 0.001743 0.925643 -0.135985
v 0.002143 0.924301 -0.135385
v 0.002491 0.922611 -0.134864
v 0.000647 0.926800 -0.137031
v 0.001895 0.920738 -0.134017
v 0.000914 0.926504 -0.136385
v 0.001200 0.925643 -0.135695
v 0.001476 0.924301 -0.135028
v 0.001716 0.922611 -0.134450
v 0.000330 0.926800 -0.136934
v 0.000966 0.920738 -0.133735
v 0.000466 0.926504 -0.136249
v 0.000612 0.925643 -0.135516
v 0.000753 0.924301 -0.134808
v 0.000875 0.922611 -0.134195
v 0.000000 0.926800 -0.136902
v 0.000000 0.920738 -0.133640
v 0.000000 0.926504 -0.136203
v 0.000000 0.925643 -0.135456
v 0.000000 0.924301 -0.134734
v 0.000000 0.922611 -0.134109
v -0.000330 0.926800 -0.136934
v -0.000966 0.920738 -0.133735
v -0.000466 0.926504 -0.136249
v -0.000612 0.925643 -0.135516
v -0.000753 0.924301 -0.134808
v -0.000875 0.922611 -0.134195
v -0.000647 0.926800 -0.137031
v -0.001895 0.920738 -0.134017
v -0.000914 0.926504 -0.136385
v -0.001200 0.925643 -0.135695
v -0.001476 0.924301 -0.135028
v -0.001716 0.922611 -0.134450
v -0.000939 0.926800 -0.137187
v -0.002751 0.920738 -0.134475
v -0.001328 0.926504 -0.136606
v -0.001743 0.925643 -0.135985
v -0.002143 0.924301 -0.135385
v -0.002491 0.922611 -0.134864
v -0.001195 0.926800 -0.137397
v -0.003502 0.920738 -0.135091
v -0.001690 0.926504 -0.136903
v -0.002218 0.925643 -0.136375
v -0.002728 0.924301 -0.135864
v -0.003171 0.922611 -0.135422
v -0.001406 0.926800 -0.137653
v -0.004118 0.920738 -0.135841
v -0.001987 0.926504 -0.137265
v -0.002608 0.925643 -0.136850
v -0.003208 0.924301 -0.136449
v -0.003728 0.922611 -0.136101
v -0.001562 0.926800 -0.137946
v -0.004575 0.920738 -0.136697
v -0.002208 0.926504 -0.137678
v -0.002898 0.925643 -0.137392
v -0.003564 0.924301 -0.137116
v -0.004142 0.922611 -0.136877
v -0.001658 0.926800 -0.138263
v -0.004857 0.920738 -0.137626
v -0.002344 0.926504 -0.138126
v -0.003076 0.925643 -0.137981
v -0.003784 0.924301 -0.137840
v -0.004398 0.922611 -0.137718
v -0.014012 0.833853 -0.131987
v -0.010567 0.851131 -0.044511
v 0.014012 0.833853 -0.131987
v -0.014012 0.840383 -0.133138
v -0.010567 0.853954 -0.045663
v 0.014012 0.840383 -0.133138
v 0.010568 0.853954 -0.045663
v 0.010568 0.851131 -0.044511
v -0.010567 0.851131 0.044511
v 0.010568 0.851131 0.044511
v -0.014012 0.833853 0.131987
v 0.014012 0.833853 0.131987
v -0.010567 0.853954 0.045663
v 0.010568 0.853954 0.045663
v -0.014012 0.840383 0.133138
v 0.014012 0.840383 0.133138
v -0.014012 0.841565 -0.088249
v -0.014012 0.848095 -0.089401
v 0.014012 0.848095 -0.089401
v 0.014012 0.841565 -0.088249
v -0.014012 0.841565 0.088249
v 0.014012 0.841565 0.088249
v -0.014012 0.848095 0.089401
v 0.014012 0.848095 0.089401
vn -0.9729 -0.1635 -0.1635
vn -0.8764 -0.1543 -0.4562
vn -0.6996 -0.1450 -0.6997
vn -0.8764 -0.4557 -0.1556
vn -0.7924 -0.4313 -0.4314
vn -0.6456 -0.4090 -0.6449
vn -0.1635 -0.1635 -0.9729
vn -0.1543 -0.4562 -0.8764
vn -0.1450 -0.6997 -0.6996
vn -0.4557 -0.1556 -0.8764
vn -0.4313 -0.4314 -0.7924
vn -0.4090 -0.6449 -0.6456
vn -0.1635 -0.9729 -0.1635
vn -0.4562 -0.8764 -0.1543
vn -0.6997 -0.6996 -0.1450
vn -0.1556 -0.8764 -0.4557
vn -0.4314 -0.7924 -0.4314
vn -0.6449 -0.6456 -0.4090
vn -0.5774 -0.5773 -0.5773
vn 0.1635 -0.1635 -0.9729
vn 0.4562 -0.1543 -0.8764
vn 0.6997 -0.1450 -0.6996
vn 0.1556 -0.4557 -0.8764
vn 0.4314 -0.4313 -0.7924
vn 0.6449 -0.4090 -0.6456
vn 0.9729 -0.1635 -0.1635
vn 0.8764 -0.4562 -0.1543
vn 0.6996 -0.6997 -0.1450
vn 0.8764 -0.1556 -0.4557
vn 0.7924 -0.4314 -0.4313
vn 0.6456 -0.6449 -0.4090
vn 0.1635 -0.9729 -0.1635
vn 0.1543 -0.8764 -0.4562
vn 0.1450 -0.6996 -0.6997
vn 0.4557 -0.8764 -0.1556
vn 0.4314 -0.7924 -0.4314
vn 0.4090 -0.6456 -0.6449
vn 0.5774 -0.5773 -0.5774
vn -0.9729 -0.1635 0.1635
vn -0.8764 -0.4562 0.1543
vn -0.6996 -0.6997 0.1450
vn -0.8764 -0.1556 0.4557
vn -0.7924 -0.4314 0.4313
vn -0.6456 -0.6449 0.4090
vn -0.1635 -0.9729 0.1635
vn -0.1543 -0.8764 0.4562
vn -0.1450 -0.6996 0.6997
vn -0.4557 -0.8764 0.1556
vn -0.4314 -0.7924 0.4314
vn -0.4090 -0.6456 0.6449
vn -0.1635 -0.1635 0.9729
vn -0.4562 -0.1543 0.8764
vn -0.6997 -0.1450 0.6996
vn -0.1556 -0.4557 0.8764
vn -0.4314 -0.4313 0.7924
vn -0.6449 -0.4090 0.6456
vn -0.5774 -0.5773 0.5774
vn 0.9729 -0.1635 0.1635
vn 0.8764 -0.1543 0.4562
vn 0.6996 -0.1450 0.6997
vn 0.8764 -0.4557 0.1556
vn 0.7924 -0.4313 0.4314
vn 0.6456 -0.4090 0.6449
vn 0.1635 -0.1635 0.9729
vn 0.1543 -0.4562 0.8764
vn 0.1450 -0.6997 0.6996
vn 0.4557 -0.1556 0.8764
vn 0.4313 -0.4314 0.7924
vn 0.4090 -0.6449 0.6456
vn 0.1635 -0.9729 0.1635
vn 0.4562 -0.8764 0.1543
vn 0.6997 -0.6996 0.1450
vn 0.1556 -0.8764 0.4557
vn 0.4314 -0.7924 0.4314
vn 0.6449 -0.6456 0.4090
vn 0.5774 -0.5773 0.5773
vn -0.9729 0.1635 -0.1635
vn -0.8764 0.4562 -0.1543
vn -0.6996 0.6997 -0.1450
vn -0.8764 0.1556 -0.4557
vn -0.7924 0.4314 -0.4313
vn -0.6456 0.6449 -0.4090
vn -0.1635 0.9729 -0.1635
vn -0.1543 0.8764 -0.4562
vn -0.1450 0.6996 -0.6997
vn -0.4557 0.8764 -0.1556
vn -0.4314 0.7924 -0.4314
vn -0.4090 0.6456 -0.6449
vn -0.1635 0.1635 -0.9729
vn -0.4562 0.1543 -0.8764
vn -0.6997 0.1450 -0.6996
vn -0.1556 0.4557 -0.8764
vn -0.4314 0.4313 -0.7924
vn -0.6449 0.4090 -0.6456
vn -0.5774 0.5773 -0.5774
vn 0.9729 0.1635 -0.1635
vn 0.8764 0.1543 -0.4562
vn 0.6996 0.1450 -0.6997
vn 0.8764 0.4557 -0.1556
vn 0.7924 0.4313 -0.4314
vn 0.6456 0.4090 -0.6449
vn 0.1635 0.1635 -0.9729
vn 0.1543 0.4562 -0.8764
vn 0.1450 0.6997 -0.6996
vn 0.4557 0.1556 -0.8764
vn 0.4313 0.4314 -0.7924
vn 0.4090 0.6449 -0.6456
vn 0.1635 0.9729 -0.1635
vn 0.4562 0.8764 -0.1543
vn 0.6997 0.6996 -0.1450
vn 0.1556 0.8764 -0.4557
vn 0.4314 0.7924 -0.4314
vn 0.6449 0.6456 -0.4090
vn 0.5774 0.5773 -0.5773
vn -0.9729 0.1635 0.1635
vn -0.8764 0.1543 0.4562
vn -0.6996 0.1450 0.6997
vn -0.8764 0.4557 0.1556
vn -0.7924 0.4313 0.4314
vn -0.6456 0.4090 0.6449
vn -0.1635 0.1635 0.9729
vn -0.1543 0.4562 0.8764
vn -0.1450 0.6997 0.6996
vn -0.4557 0.1556 0.8764
vn -0.4313 0.4314 0.7924
vn -0.4090 0.6449 0.6456
vn -0.1635 0.9729 0.1635
vn -0.4562 0.8764 0.1543
vn -0.6997 0.6996 0.1450
vn -0.1556 0.8764 0.4557
vn -0.4314 0.7924 0.4314
vn -0.6449 0.6456 0.4090
vn -0.5774 0.5773 0.5773
vn 0.9729 0.1635 0.1635
vn 0.8764 0.4562 0.1543
vn 0.6996 0.6997 0.1450
vn 0.8764 0.1556 0.4557
vn 0.7924 0.4314 0.4313
vn 0.6456 0.6449 0.4090
vn 0.1635 0.9729 0.1635
vn 0.1543 0.8764 0.4562
vn 0.1450 0.6996 0.6997
vn 0.4557 0.8764 0.1556
vn 0.4314 0.7924 0.4314
vn 0.4090 0.6456 0.6449
vn 0.1635 0.1635 0.9729
vn 0.4562 0.1543 0.8764
vn 0.6997 0.1450 0.6996
vn 0.1556 0.4557 0.8764
vn 0.4314 0.4313 0.7924
vn 0.6449 0.4090 0.6456
vn 0.5774 0.5773 0.5774
vn -0.9877 -0.1565 -0.0000
vn -0.8910 -0.4540 -0.0000
vn -0.7071 -0.7071 -0.0000
vn -0.4540 -0.8910 -0.0000
vn -0.1565 -0.9877 -0.0000
vn -0.0000 -0.1565 -0.9877
vn -0.0000 -0.4540 -0.8910
vn -0.0000 -0.7071 -0.7071
vn -0.0000 -0.8910 -0.4540
vn -0.0000 -0.9877 -0.1565
vn 0.9877 -0.1565 -0.0000
vn 0.8910 -0.4540 -0.0000
vn 0.7071 -0.7071 -0.0000
vn 0.4540 -0.8910 -0.0000
vn 0.1565 -0.9877 -0.0000
vn -0.0000 -0.1565 0.9877
vn -0.0000 -0.4540 0.8910
vn -0.0000 -0.7071 0.7071
vn -0.0000 -0.8910 0.4540
vn -0.0000 -0.9877 0.1565
vn -0.9877 -0.0000 0.1565
vn -0.8910 -0.0000 0.4540
vn -0.7071 -0.0000 0.7071
vn -0.4540 -0.0000 0.8910
vn -0.1565 -0.0000 0.9877
vn 0.9877 -0.0000 0.1565
vn 0.8910 -0.0000 0.4540
vn 0.7071 -0.0000 0.7071
vn 0.4540 -0.0000 0.8910
vn 0.1565 -0.0000 0.9877
vn -0.0000 0.9877 0.1565
vn -0.0000 0.8910 0.4540
vn -0.0000 0.7071 0.7071
vn -0.0000 0.4540 0.8910
vn -0.0000 0.1565 0.9877
vn -0.9877 0.1565 -0.0000
vn -0.8910 0.4540 -0.0000
vn -0.7071 0.7071 -0.0000
vn -0.4540 0.8910 -0.0000
vn -0.1565 0.9877 -0.0000
vn 0.9877 0.1565 -0.0000
vn 0.8910 0.4540 -0.0000
vn 0.7071 0.7071 -0.0000
vn 0.4540 0.8910 -0.0000
vn 0.1565 0.9877 -0.0000
vn -0.0000 0.1565 -0.9877
vn -0.0000 0.4540 -0.8910
vn -0.0000 0.7071 -0.7071
vn -0.0000 0.8910 -0.4540
vn -0.0000 0.9877 -0.1565
vn -0.9877 -0.0000 -0.1565
vn -0.8910 -0.0000 -0.4540
vn -0.7071 -0.0000 -0.7071
vn -0.4540 -0.0000 -0.8910
vn -0.1565 -0.0000 -0.9877
vn 0.9877 -0.0000 -0.1565
vn 0.8910 -0.0000 -0.4540
vn 0.7071 -0.0000 -0.7071
vn 0.4540 -0.0000 -0.8910
vn 0.1565 -0.0000 -0.9877
vn -1.0000 -0.0000 -0.0000
vn -0.0000 -1.0000 -0.0000
vn -0.0000 -0.0000 -1.0000
vn 1.0000 -0.0000 -0.0000
vn -0.0000 -0.0000 1.0000
vn -0.0000 1.0000 -0.0000
vn 0.1521 -0.0000 -0.9884
vn 0.9884 -0.0000 -0.1521
vn -0.1521 -0.0000 -0.9884
vn -0.9884 -0.0000 -0.1521
vn 0.1521 -0.0000 0.9884
vn 0.9884 -0.0000 0.1521
vn -0.1521 -0.0000 0.9884
vn -0.9884 -0.0000 0.1521
vn -0.0000 0.5473 0.8370
vn -0.0000 0.6966 0.7175
vn -0.0000 0.8304 0.5571
vn -0.0000 0.9346 0.3558
vn -0.0000 0.9924 0.1227
vn -0.0000 0.9924 -0.1227
vn -0.0000 0.9346 -0.3558
vn -0.0000 0.8304 -0.5571
vn -0.0000 0.6966 -0.7175
vn -0.0000 0.5473 -0.8370
vn 1.0000 -0.0037 -0.0000
vn 0.9569 -0.2903 -0.0000
vn 0.8819 -0.4714 -0.0000
vn 0.7730 -0.6344 -0.0000
vn 0.6344 -0.7730 -0.0000
vn 0.4714 -0.8819 -0.0000
vn 0.2903 -0.9569 -0.0000
vn 0.0980 -0.9952 -0.0000
vn -0.0980 -0.9952 -0.0000
vn -0.2903 -0.9569 -0.0000
vn -0.4714 -0.8819 -0.0000
vn -0.6344 -0.7730 -0.0000
vn -0.7730 -0.6344 -0.0000
vn -0.8819 -0.4714 -0.0000
vn -0.9569 -0.2903 -0.0000
vn -1.0000 -0.0037 -0.0000
vn -0.9952 0.0980 -0.0000
vn -0.9569 0.2903 -0.0000
vn -0.8819 0.4714 -0.0000
vn -0.7730 0.6344 -0.0000
vn -0.6344 0.7730 -0.0000
vn -0.4714 0.8819 -0.0000
vn -0.2903 0.9569 -0.0000
vn -0.0980 0.9952 -0.0000
vn 0.0980 0.9952 -0.0000
vn 0.2903 0.9569 -0.0000
vn 0.4714 0.8819 -0.0000
vn 0.6344 0.7730 -0.0000
vn 0.7730 0.6344 -0.0000
vn 0.8819 0.4714 -0.0000
vn 0.9569 0.2903 -0.0000
vn 0.9952 0.0980 -0.0000
vn 0.9952 -0.0980 -0.0000
vn -0.9952 -0.0980 -0.0000
vn -0.9952 -0.0000 0.0980
vn -0.9569 -0.0000 0.2903
vn -0.8819 -0.0000 0.4714
vn -0.7730 -0.0000 0.6344
vn -0.6344 -0.0000 0.7730
vn -0.4714 -0.0000 0.8819
vn -0.2903 -0.0000 0.9569
vn -0.0980 -0.0000 0.9952
vn 0.0980 -0.0000 0.9952
vn 0.2903 -0.0000 0.9569
vn 0.4714 -0.0000 0.8819
vn 0.6344 -0.0000 0.7730
vn 0.7730 -0.0000 0.6344
vn 0.8819 -0.0000 0.4714
vn 0.9569 -0.0000 0.2903
vn 0.9952 -0.0000 0.0980
vn 0.9952 -0.0000 -0.0980
vn 0.9569 -0.0000 -0.2903
vn 0.8819 -0.0000 -0.4714
vn 0.7730 -0.0000 -0.6344
vn 0.6344 -0.0000 -0.7730
vn 0.4714 -0.0000 -0.8819
vn 0.2903 -0.0000 -0.9569
vn 0.0980 -0.0000 -0.9952
vn -0.0980 -0.0000 -0.9952
vn -0.2903 -0.0000 -0.9569
vn -0.4714 -0.0000 -0.8819
vn -0.6344 -0.0000 -0.7730
vn -0.7730 -0.0000 -0.6344
vn -0.8819 -0.0000 -0.4714
vn -0.9569 -0.0000 -0.2903
vn -0.9952 -0.0000 -0.0980
vn -0.9657 0.2415 -0.0951
vn -0.9338 0.3457 -0.0920
vn -0.8773 0.4720 -0.0864
vn -0.7533 0.6534 -0.0742
vn -0.3904 0.9198 -0.0384
vn -0.9286 0.2415 -0.2817
vn -0.8979 0.3457 -0.2724
vn -0.8436 0.4720 -0.2559
vn -0.7244 0.6534 -0.2197
vn -0.3754 0.9198 -0.1139
vn -0.8558 0.2415 -0.4575
vn -0.8275 0.3457 -0.4423
vn -0.7775 0.4720 -0.4156
vn -0.6676 0.6534 -0.3568
vn -0.3459 0.9198 -0.1850
vn -0.7501 0.2415 -0.6156
vn -0.7253 0.3457 -0.5953
vn -0.6815 0.4720 -0.5593
vn -0.5851 0.6534 -0.4803
vn -0.3033 0.9199 -0.2488
vn -0.6157 0.2415 -0.7501
vn -0.5953 0.3457 -0.7253
vn -0.5593 0.4720 -0.6815
vn -0.4802 0.6535 -0.5851
vn -0.2489 0.9199 -0.3032
vn -0.4574 0.2415 -0.8558
vn -0.4423 0.3457 -0.8276
vn -0.4156 0.4720 -0.7775
vn -0.3568 0.6534 -0.6676
vn -0.1849 0.9198 -0.3460
vn -0.2817 0.2415 -0.9286
vn -0.2724 0.3457 -0.8979
vn -0.2559 0.4720 -0.8436
vn -0.2197 0.6534 -0.7244
vn -0.1139 0.9198 -0.3754
vn -0.0951 0.2415 -0.9657
vn -0.0920 0.3457 -0.9338
vn -0.0864 0.4720 -0.8773
vn -0.0742 0.6534 -0.7533
vn -0.0384 0.9198 -0.3904
vn 0.0951 0.2415 -0.9657
vn 0.0920 0.3457 -0.9338
vn 0.0864 0.4720 -0.8773
vn 0.0742 0.6534 -0.7533
vn 0.0384 0.9199 -0.3903
vn 0.2817 0.2415 -0.9286
vn 0.2724 0.3457 -0.8979
vn 0.2559 0.4720 -0.8436
vn 0.2197 0.6534 -0.7244
vn 0.1139 0.9198 -0.3754
vn 0.4574 0.2415 -0.8558
vn 0.4423 0.3457 -0.8276
vn 0.4156 0.4720 -0.7775
vn 0.3568 0.6534 -0.6676
vn 0.1849 0.9199 -0.3459
vn 0.6156 0.2415 -0.7501
vn 0.5953 0.3457 -0.7253
vn 0.5593 0.4720 -0.6815
vn 0.4802 0.6534 -0.5852
vn 0.2489 0.9198 -0.3033
vn 0.7501 0.2415 -0.6156
vn 0.7253 0.3457 -0.5953
vn 0.6815 0.4720 -0.5593
vn 0.5851 0.6534 -0.4802
vn 0.3033 0.9199 -0.2488
vn 0.8558 0.2415 -0.4574
vn 0.8275 0.3457 -0.4423
vn 0.7775 0.4720 -0.4156
vn 0.6676 0.6534 -0.3568
vn 0.3459 0.9198 -0.1850
vn 0.9286 0.2415 -0.2817
vn 0.8979 0.3457 -0.2724
vn 0.8436 0.4720 -0.2559
vn 0.7244 0.6534 -0.2197
vn 0.3754 0.9198 -0.1139
vn 0.9657 0.2415 -0.0951
vn 0.9338 0.3457 -0.0920
vn 0.8773 0.4720 -0.0864
vn 0.7533 0.6534 -0.0742
vn 0.3904 0.9198 -0.0384
vn 0.9657 0.2415 0.0951
vn 0.9338 0.3457 0.0920
vn 0.8773 0.4720 0.0864
vn 0.7533 0.6534 0.0742
vn 0.3904 0.9198 0.0385
vn 0.9286 0.2415 0.2817
vn 0.8979 0.3457 0.2724
vn 0.8436 0.4720 0.2559
vn 0.7244 0.6534 0.2197
vn 0.3754 0.9198 0.1138
vn 0.8558 0.2415 0.4574
vn 0.8275 0.3457 0.4423
vn 0.7775 0.4720 0.4156
vn 0.6676 0.6534 0.3568
vn 0.3459 0.9198 0.1850
vn 0.7501 0.2415 0.6156
vn 0.7254 0.3457 0.5953
vn 0.6815 0.4720 0.5593
vn 0.5852 0.6534 0.4802
vn 0.3032 0.9198 0.2488
vn 0.6156 0.2415 0.7501
vn 0.5953 0.3457 0.7253
vn 0.5593 0.4720 0.6815
vn 0.4802 0.6534 0.5852
vn 0.2489 0.9199 0.3032
vn 0.4574 0.2415 0.8558
vn 0.4423 0.3457 0.8275
vn 0.4156 0.4720 0.7775
vn 0.3569 0.6534 0.6676
vn 0.1849 0.9199 0.3459
vn 0.2817 0.2415 0.9286
vn 0.2724 0.3457 0.8979
vn 0.2559 0.4720 0.8436
vn 0.2197 0.6534 0.7244
vn 0.1139 0.9198 0.3754
vn 0.0951 0.2415 0.9657
vn 0.0920 0.3457 0.9338
vn 0.0864 0.4720 0.8773
vn 0.0742 0.6534 0.7533
vn 0.0385 0.9198 0.3904
vn -0.0951 0.2415 0.9657
vn -0.0920 0.3457 0.9338
vn -0.0864 0.4720 0.8773
vn -0.0742 0.6534 0.7533
vn -0.0385 0.9198 0.3904
vn -0.2817 0.2415 0.9286
vn -0.2724 0.3457 0.8979
vn -0.2559 0.4720 0.8436
vn -0.2197 0.6534 0.7244
vn -0.1139 0.9198 0.3754
vn -0.4574 0.2415 0.8558
vn -0.4423 0.3457 0.8275
vn -0.4156 0.4720 0.7775
vn -0.3569 0.6534 0.6676
vn -0.1849 0.9199 0.3459
vn -0.6156 0.2415 0.7501
vn -0.5953 0.3457 0.7253
vn -0.5593 0.4720 0.6815
vn -0.4802 0.6534 0.5852
vn -0.2489 0.9198 0.3033
vn -0.7501 0.2415 0.6156
vn -0.7253 0.3457 0.5953
vn -0.6815 0.4720 0.5593
vn -0.5851 0.6534 0.4802
vn -0.3032 0.9198 0.2488
vn -0.8558 0.2415 0.4575
vn -0.8275 0.3457 0.4423
vn -0.7775 0.4720 0.4156
vn -0.6676 0.6534 0.3568
vn -0.3459 0.9198 0.1850
vn -0.9286 0.2415 0.2817
vn -0.8979 0.3457 0.2724
vn -0.8436 0.4720 0.2559
vn -0.7244 0.6534 0.2197
vn -0.3754 0.9198 0.1138
vn -0.9657 0.2415 0.0951
vn -0.9338 0.3457 0.0920
vn -0.8773 0.4720 0.0864
vn -0.7533 0.6534 0.0742
vn -0.3904 0.9198 0.0385
vn -0.9473 0.3065 -0.0933
vn -0.9473 0.3065 0.0933
vn -0.9109 0.3065 -0.2763
vn -0.8395 0.3065 -0.4487
vn -0.7358 0.3065 -0.6039
vn -0.6039 0.3065 -0.7358
vn -0.4487 0.3065 -0.8395
vn -0.2763 0.3065 -0.9109
vn -0.0933 0.3065 -0.9473
vn 0.0933 0.3065 -0.9473
vn 0.2763 0.3065 -0.9109
vn 0.4487 0.3065 -0.8395
vn 0.6039 0.3065 -0.7358
vn 0.7358 0.3065 -0.6039
vn 0.8395 0.3065 -0.4487
vn 0.9109 0.3065 -0.2763
vn 0.9473 0.3065 -0.0933
vn 0.9473 0.3065 0.0933
vn 0.9109 0.3065 0.2763
vn 0.8395 0.3065 0.4487
vn 0.7358 0.3065 0.6039
vn 0.6039 0.3065 0.7358
vn 0.4487 0.3065 0.8395
vn 0.2763 0.3065 0.9109
vn 0.0933 0.3065 0.9473
vn -0.0933 0.3065 0.9473
vn -0.2763 0.3065 0.9109
vn -0.4487 0.3065 0.8395
vn -0.6039 0.3065 0.7358
vn -0.7358 0.3065 0.6039
vn -0.8395 0.3065 0.4487
vn -0.9109 0.3065 0.2763
vn -0.8558 0.2415 -0.4574
vn -0.6676 0.6534 -0.3569
vn -0.3460 0.9198 -0.1850
vn -0.7254 0.3457 -0.5953
vn -0.3032 0.9199 -0.2488
vn -0.6156 0.2415 -0.7501
vn -0.4802 0.6534 -0.5852
vn -0.4423 0.3457 -0.8275
vn -0.0385 0.9198 -0.3904
vn 0.0742 0.6535 -0.7533
vn 0.0385 0.9198 -0.3904
vn 0.2197 0.6535 -0.7244
vn 0.4423 0.3457 -0.8275
vn 0.1849 0.9198 -0.3460
vn 0.5953 0.3457 -0.7254
vn 0.7254 0.3457 -0.5953
vn 0.5851 0.6534 -0.4803
vn 0.3032 0.9199 -0.2488
vn 0.3460 0.9198 -0.1850
vn 0.3460 0.9198 0.1850
vn 0.7253 0.3457 0.5953
vn 0.5953 0.3457 0.7254
vn 0.4575 0.2415 0.8558
vn 0.4424 0.3457 0.8275
vn 0.3568 0.6534 0.6676
vn 0.0742 0.6534 0.7534
vn 0.0384 0.9198 0.3904
vn -0.0742 0.6534 0.7534
vn -0.0384 0.9198 0.3904
vn -0.4575 0.2415 0.8558
vn -0.4424 0.3457 0.8275
vn -0.3568 0.6534 0.6676
vn -0.5953 0.3457 0.7254
vn -0.5851 0.6534 0.4803
vn -0.8558 0.2415 0.4574
vn -0.3460 0.9198 0.1850
vn -0.3904 0.9198 0.0384
vn -0.0000 -0.9769 0.2137
vn -0.0000 -0.1736 -0.9848
vn -0.0000 0.9848 -0.1736
vn -0.0000 0.3778 0.9259
vn -0.0000 -0.9848 -0.1736
vn -0.0000 -0.1737 0.9848
vn -0.0000 0.9911 0.1328
vn -0.0000 0.3778 -0.9259
vn -0.9970 0.0185 -0.0752
vn 0.9970 0.0185 -0.0752
vn 0.9970 0.0185 0.0752
vn -0.0000 0.9911 -0.1328
vn -0.0000 -0.9848 0.1736
vn -0.9970 0.0185 0.0752
vn -0.0000 0.9848 0.1736
vn -0.0000 -0.9769 -0.2137
vt 0.133676 0.730143
vt 0.133676 0.736280
vt 0.130923 0.736478
vt 0.130994 0.730143
vt 0.133676 0.741813
vt 0.131013 0.741544
vt 0.133676 0.750000
vt 0.131006 0.750000
vt 0.128690 0.736253
vt 0.128577 0.730143
vt 0.129085 0.740650
vt 0.129085 0.750000
vt 0.427435 0.991325
vt 0.427435 0.994006
vt 0.410799 0.994093
vt 0.411229 0.991325
vt 0.427435 1.000000
vt 0.411341 1.000000
vt 0.427435 0.000000
vt 0.427435 0.008187
vt 0.411300 0.008446
vt 0.411341 0.000000
vt 0.375000 0.993994
vt 0.375000 0.991324
vt 0.375000 0.995915
vt 0.375000 0.009350
vt 0.375000 0.000000
vt 0.427435 0.019857
vt 0.411229 0.019857
vt 0.410705 0.013557
vt 0.427435 0.013720
vt 0.375000 0.019857
vt 0.375000 0.013762
vt 0.125000 0.730143
vt 0.125000 0.736238
vt 0.125000 0.740650
vt 0.572565 0.991324
vt 0.588771 0.991325
vt 0.589295 0.994077
vt 0.572565 0.994006
vt 0.603380 0.991324
vt 0.602670 0.993987
vt 0.625000 0.991325
vt 0.625000 0.993994
vt 0.588700 1.000000
vt 0.572565 1.000000
vt 0.600309 1.000000
vt 0.625000 1.000000
vt 0.866325 0.730143
vt 0.869006 0.730143
vt 0.869092 0.736443
vt 0.866324 0.736280
vt 0.875000 0.730143
vt 0.875000 0.736238
vt 0.625000 0.019857
vt 0.603380 0.019857
vt 0.602697 0.013747
vt 0.625000 0.013762
vt 0.868994 0.750000
vt 0.866324 0.750000
vt 0.875000 0.740650
vt 0.600309 0.009350
vt 0.625000 0.009350
vt 0.572565 0.019857
vt 0.572565 0.013720
vt 0.589201 0.013522
vt 0.588771 0.019857
vt 0.572565 0.008187
vt 0.588659 0.008456
vt 0.572565 0.000000
vt 0.588700 0.000000
vt 0.600309 0.000000
vt 0.133676 0.519857
vt 0.130994 0.519857
vt 0.130908 0.513557
vt 0.133676 0.513720
vt 0.128577 0.519857
vt 0.128695 0.513762
vt 0.125000 0.519857
vt 0.125000 0.513747
vt 0.131006 0.508446
vt 0.133676 0.508187
vt 0.129085 0.509350
vt 0.125000 0.509350
vt 0.427435 0.230143
vt 0.427435 0.236280
vt 0.410799 0.236478
vt 0.411229 0.230143
vt 0.427435 0.241813
vt 0.411341 0.241544
vt 0.427435 0.253577
vt 0.411300 0.253690
vt 0.375000 0.236253
vt 0.375000 0.230143
vt 0.375000 0.240650
vt 0.375000 0.254085
vt 0.427435 0.258676
vt 0.411229 0.258676
vt 0.410705 0.255923
vt 0.427435 0.255994
vt 0.375000 0.258676
vt 0.375000 0.256013
vt 0.133676 0.500000
vt 0.131013 0.500000
vt 0.129085 0.500000
vt 0.866325 0.519857
vt 0.866324 0.513720
vt 0.869077 0.513522
vt 0.869006 0.519857
vt 0.866325 0.500000
vt 0.868987 0.500000
vt 0.625000 0.258676
vt 0.603380 0.258676
vt 0.602697 0.256006
vt 0.625000 0.256013
vt 0.875000 0.513747
vt 0.875000 0.519857
vt 0.875000 0.509350
vt 0.600309 0.253228
vt 0.625000 0.244741
vt 0.572565 0.258675
vt 0.572565 0.255994
vt 0.589201 0.255908
vt 0.588771 0.258676
vt 0.572565 0.253577
vt 0.588659 0.253694
vt 0.572565 0.241813
vt 0.588700 0.241554
vt 0.600309 0.240650
vt 0.572565 0.230143
vt 0.588771 0.230143
vt 0.589295 0.236443
vt 0.572565 0.236280
vt 0.603380 0.230143
vt 0.602670 0.236238
vt 0.625000 0.230143
vt 0.625000 0.236253
vt 0.366325 0.730143
vt 0.369006 0.730143
vt 0.369092 0.736443
vt 0.366324 0.736280
vt 0.371423 0.730143
vt 0.371305 0.736238
vt 0.396620 0.730143
vt 0.397303 0.736253
vt 0.368994 0.741554
vt 0.366324 0.741813
vt 0.370915 0.740650
vt 0.397494 0.740650
vt 0.427435 0.730143
vt 0.427435 0.736280
vt 0.410799 0.736478
vt 0.411229 0.730143
vt 0.427435 0.741813
vt 0.411341 0.741544
vt 0.427435 0.753577
vt 0.411300 0.753690
vt 0.373535 0.752620
vt 0.427435 0.758676
vt 0.411229 0.758675
vt 0.410705 0.755923
vt 0.427435 0.755994
vt 0.370661 0.754336
vt 0.372210 0.753222
vt 0.633675 0.730143
vt 0.633676 0.736280
vt 0.630923 0.736478
vt 0.630994 0.730143
vt 0.629336 0.754339
vt 0.628222 0.752790
vt 0.603380 0.758676
vt 0.602697 0.756006
vt 0.628690 0.736253
vt 0.628577 0.730143
vt 0.627620 0.751465
vt 0.600309 0.754085
vt 0.572565 0.758676
vt 0.572565 0.755994
vt 0.589201 0.755908
vt 0.588771 0.758676
vt 0.572565 0.753577
vt 0.588659 0.753694
vt 0.572565 0.741813
vt 0.588700 0.741554
vt 0.600309 0.741626
vt 0.572565 0.730143
vt 0.588771 0.730143
vt 0.589295 0.736443
vt 0.572565 0.736280
vt 0.603380 0.730143
vt 0.602670 0.736238
vt 0.366324 0.519857
vt 0.366324 0.513720
vt 0.369077 0.513522
vt 0.369006 0.519857
vt 0.366324 0.508187
vt 0.368987 0.508456
vt 0.370661 0.495663
vt 0.372220 0.496774
vt 0.371310 0.513747
vt 0.371423 0.519857
vt 0.370915 0.509350
vt 0.373535 0.497380
vt 0.427435 0.491325
vt 0.427435 0.494006
vt 0.410799 0.494092
vt 0.411229 0.491325
vt 0.427435 0.496423
vt 0.411341 0.496305
vt 0.427435 0.508187
vt 0.411300 0.508446
vt 0.397494 0.509350
vt 0.427435 0.519857
vt 0.411229 0.519857
vt 0.410705 0.513557
vt 0.427435 0.513720
vt 0.396620 0.519857
vt 0.397330 0.513762
vt 0.633675 0.519857
vt 0.630994 0.519857
vt 0.630908 0.513557
vt 0.633676 0.513720
vt 0.628577 0.519857
vt 0.628694 0.513762
vt 0.603380 0.519857
vt 0.602697 0.513747
vt 0.628226 0.497220
vt 0.629337 0.495661
vt 0.627620 0.498535
vt 0.600309 0.508374
vt 0.572565 0.519857
vt 0.572565 0.513720
vt 0.589201 0.513522
vt 0.588771 0.519857
vt 0.572565 0.508187
vt 0.588659 0.508456
vt 0.572565 0.496423
vt 0.588700 0.496310
vt 0.600309 0.495915
vt 0.572565 0.491324
vt 0.588771 0.491325
vt 0.589295 0.494077
vt 0.572565 0.494006
vt 0.603380 0.491324
vt 0.602670 0.493987
vt 0.211225 0.519857
vt 0.211225 0.513720
vt 0.211225 0.508187
vt 0.212671 0.498554
vt 0.373554 0.337672
vt 0.411229 0.336225
vt 0.427435 0.336225
vt 0.711225 0.519857
vt 0.711225 0.513720
vt 0.708333 0.497107
vt 0.627891 0.416666
vt 0.603380 0.413775
vt 0.588771 0.413775
vt 0.572565 0.413775
vt 0.366325 0.569121
vt 0.369006 0.562191
vt 0.367141 0.566335
vt 0.369006 0.687809
vt 0.366324 0.680879
vt 0.367141 0.683665
vt 0.371423 0.556820
vt 0.371423 0.693180
vt 0.396620 0.552552
vt 0.396620 0.697448
vt 0.411229 0.549985
vt 0.408464 0.550333
vt 0.411229 0.700015
vt 0.408464 0.699667
vt 0.427435 0.549349
vt 0.427435 0.700651
vt 0.632859 0.683665
vt 0.633675 0.680879
vt 0.630994 0.687809
vt 0.632859 0.566335
vt 0.630994 0.562191
vt 0.633675 0.569121
vt 0.628577 0.693180
vt 0.628577 0.556820
vt 0.603380 0.697448
vt 0.603380 0.552552
vt 0.588771 0.700015
vt 0.591536 0.699667
vt 0.588771 0.549985
vt 0.591536 0.550333
vt 0.572565 0.700651
vt 0.572565 0.549349
vt 0.288775 0.730143
vt 0.288775 0.736280
vt 0.288775 0.741813
vt 0.291666 0.752891
vt 0.372107 0.833332
vt 0.411229 0.836225
vt 0.427435 0.836225
vt 0.788775 0.730143
vt 0.788775 0.736280
vt 0.787328 0.751446
vt 0.626445 0.912329
vt 0.603380 0.913775
vt 0.588771 0.913775
vt 0.572565 0.913775
vt 0.288775 0.519857
vt 0.355617 0.584591
vt 0.347835 0.604400
vt 0.345208 0.625000
vt 0.347835 0.645600
vt 0.355617 0.665409
vt 0.427435 0.913775
vt 0.788775 0.519857
vt 0.427435 0.413775
vt 0.572565 0.336225
vt 0.644383 0.584591
vt 0.711225 0.730143
vt 0.644383 0.665409
vt 0.652164 0.645600
vt 0.654792 0.625000
vt 0.652164 0.604399
vt 0.572565 0.387925
vt 0.588771 0.387925
vt 0.572565 0.836225
vt 0.588771 0.836225
vt 0.603380 0.836225
vt 0.211225 0.730143
vt 0.762925 0.730143
vt 0.762925 0.519857
vt 0.788775 0.513720
vt 0.588771 0.362075
vt 0.572565 0.362075
vt 0.627891 0.833334
vt 0.711225 0.736280
vt 0.708332 0.752893
vt 0.737075 0.519857
vt 0.737075 0.730143
vt 0.411229 0.913775
vt 0.603380 0.387925
vt 0.373554 0.912328
vt 0.211225 0.741813
vt 0.212671 0.751446
vt 0.427435 0.887925
vt 0.572565 0.887925
vt 0.211225 0.736280
vt 0.787329 0.498554
vt 0.603380 0.362075
vt 0.588771 0.336225
vt 0.603380 0.336225
vt 0.572565 0.862075
vt 0.427435 0.862075
vt 0.626446 0.337671
vt 0.627409 0.390334
vt 0.411229 0.413775
vt 0.262925 0.730143
vt 0.262925 0.519857
vt 0.372107 0.416667
vt 0.288775 0.508187
vt 0.291666 0.497109
vt 0.626927 0.364002
vt 0.288775 0.513720
vt 0.237075 0.519857
vt 0.237075 0.730143
vt 0.237075 0.513720
vt 0.262925 0.513720
vt 0.734665 0.497589
vt 0.737075 0.513720
vt 0.237075 0.508187
vt 0.262925 0.508187
vt 0.239002 0.498073
vt 0.265334 0.497591
vt 0.588771 0.887925
vt 0.372589 0.390336
vt 0.373072 0.364003
vt 0.411229 0.362075
vt 0.411229 0.387925
vt 0.427435 0.362075
vt 0.427435 0.387925
vt 0.762925 0.513720
vt 0.760997 0.498072
vt 0.588771 0.862075
vt 0.262925 0.736280
vt 0.237075 0.736280
vt 0.603380 0.887925
vt 0.262925 0.741813
vt 0.237075 0.741813
vt 0.265334 0.752409
vt 0.239002 0.751927
vt 0.373071 0.885996
vt 0.372589 0.859664
vt 0.411229 0.862075
vt 0.411229 0.887925
vt 0.603380 0.862075
vt 0.762925 0.736280
vt 0.737075 0.736280
vt 0.760996 0.751928
vt 0.734664 0.752411
vt 0.627409 0.859666
vt 0.626927 0.885998
vt 0.748491 0.558960
vt 0.748511 0.605120
vt 0.744993 0.625001
vt 0.754410 0.670098
vt 0.751884 0.625001
vt 0.754410 0.579903
vt 0.750602 0.593758
vt 0.478342 0.365668
vt 0.521658 0.365668
vt 0.511041 0.365583
vt 0.500000 0.365555
vt 0.488959 0.365583
vt 0.468557 0.365805
vt 0.459980 0.365990
vt 0.452942 0.366215
vt 0.447712 0.366471
vt 0.444491 0.366750
vt 0.443404 0.367040
vt 0.444491 0.374680
vt 0.447712 0.374958
vt 0.452942 0.375215
vt 0.459980 0.375440
vt 0.468557 0.375625
vt 0.478342 0.375762
vt 0.488959 0.375846
vt 0.500000 0.375875
vt 0.511041 0.375846
vt 0.521659 0.375762
vt 0.531443 0.375625
vt 0.540020 0.375440
vt 0.547058 0.375215
vt 0.552288 0.374958
vt 0.555509 0.374680
vt 0.556596 0.367039
vt 0.555509 0.366750
vt 0.552288 0.366471
vt 0.547058 0.366215
vt 0.540020 0.365990
vt 0.531443 0.365805
vt 0.377343 0.787954
vt 0.377343 0.712046
vt 0.375830 0.703570
vt 0.375000 0.702124
vt 0.375000 0.797876
vt 0.375830 0.796430
vt 0.370667 0.695929
vt 0.362332 0.689857
vt 0.351842 0.685964
vt 0.343750 0.685030
vt 0.343750 0.814970
vt 0.351842 0.814036
vt 0.362332 0.810143
vt 0.370667 0.804071
vt 0.338981 0.815379
vt 0.338981 0.684621
vt 0.312500 0.684621
vt 0.312500 0.815379
vt 0.281250 0.684621
vt 0.281250 0.815379
vt 0.250000 0.684621
vt 0.250000 0.815379
vt 0.218750 0.684621
vt 0.218750 0.815379
vt 0.187500 0.684621
vt 0.187500 0.815379
vt 0.161019 0.684621
vt 0.156250 0.685030
vt 0.156250 0.814970
vt 0.161019 0.815379
vt 0.125000 0.797876
vt 0.129333 0.804071
vt 0.137668 0.810143
vt 0.148158 0.814036
vt 0.148158 0.685964
vt 0.137668 0.689857
vt 0.129333 0.695929
vt 0.125000 0.702124
vt 0.122657 0.787954
vt 0.124170 0.796430
vt 0.124170 0.703570
vt 0.122657 0.712046
vt 0.748491 0.691041
vt 0.750602 0.656243
vt 0.748511 0.644881
vt 1.000000 0.741350
vt 1.000000 0.500000
vt 0.968750 0.500000
vt 0.968755 0.500000
vt 0.968750 0.741335
vt 0.937500 0.500000
vt 0.937500 0.741335
vt 0.906250 0.500000
vt 0.906250 0.741335
vt 0.875000 0.500000
vt 0.875000 0.741335
vt 0.843750 0.500000
vt 0.843750 0.741335
vt 0.812500 0.500000
vt 0.812500 0.741335
vt 0.781250 0.500000
vt 0.781250 0.741334
vt 0.750000 0.500000
vt 0.750000 0.741334
vt 0.718750 0.500000
vt 0.718750 0.741335
vt 0.687500 0.500000
vt 0.687500 0.741335
vt 0.656250 0.500000
vt 0.656250 0.741335
vt 0.625000 0.500000
vt 0.625000 0.741335
vt 0.593750 0.500000
vt 0.593750 0.741335
vt 0.562500 0.500000
vt 0.562500 0.741335
vt 0.531250 0.500000
vt 0.531250 0.741335
vt 0.500000 0.500000
vt 0.500005 0.500000
vt 0.468750 0.500000
vt 0.468750 0.741336
vt 0.500000 0.741336
vt 0.437500 0.500000
vt 0.437500 0.741334
vt 0.468750 0.741335
vt 0.406250 0.500000
vt 0.406250 0.741335
vt 0.375000 0.500000
vt 0.375000 0.741335
vt 0.343750 0.500000
vt 0.343750 0.741334
vt 0.312500 0.500000
vt 0.312500 0.741335
vt 0.343750 0.741335
vt 0.281250 0.500000
vt 0.281250 0.741334
vt 0.250000 0.500000
vt 0.250000 0.741334
vt 0.218750 0.500000
vt 0.218750 0.741335
vt 0.187500 0.500000
vt 0.187500 0.741335
vt 0.156250 0.500000
vt 0.156250 0.741335
vt 0.125000 0.500000
vt 0.125000 0.741335
vt 0.093750 0.500000
vt 0.093750 0.741335
vt 0.062500 0.500000
vt 0.062500 0.741334
vt 0.031250 0.500000
vt 0.031250 0.741334
vt 0.031250 0.741336
vt 0.000000 0.500000
vt 0.000000 0.741336
vt 0.616663 0.050447
vt 0.580294 0.080294
vt 0.550447 0.116663
vt 0.528269 0.158156
vt 0.514612 0.203178
vt 0.510000 0.250000
vt 0.658156 0.028269
vt 0.703178 0.485388
vt 0.750000 0.490000
vt 0.796822 0.485388
vt 0.841844 0.471731
vt 0.883337 0.449553
vt 0.919706 0.419706
vt 0.949553 0.383337
vt 0.971731 0.341844
vt 0.985388 0.296822
vt 0.990000 0.250000
vt 1.000000 1.000000
vt 0.968750 1.000000
vt 0.937500 1.000000
vt 0.906250 1.000000
vt 0.875000 1.000000
vt 0.843750 1.000000
vt 0.812500 1.000000
vt 0.781250 1.000000
vt 0.750000 1.000000
vt 0.718750 1.000000
vt 0.687500 1.000000
vt 0.656250 1.000000
vt 0.593750 1.000000
vt 0.562500 1.000000
vt 0.531250 1.000000
vt 0.500000 1.000000
vt 0.468750 1.000000
vt 0.437500 1.000000
vt 0.406250 1.000000
vt 0.375000 1.000000
vt 0.343750 1.000000
vt 0.312500 1.000000
vt 0.281250 1.000000
vt 0.250000 1.000000
vt 0.218750 1.000000
vt 0.187500 1.000000
vt 0.156250 1.000000
vt 0.125000 1.000000
vt 0.093750 1.000000
vt 0.062500 1.000000
vt 0.296822 0.485388
vt 0.250000 0.490000
vt 0.203178 0.485388
vt 0.158156 0.471731
vt 0.116663 0.449553
vt 0.080294 0.419706
vt 0.050447 0.383337
vt 0.028269 0.341844
vt 0.014612 0.296822
vt 0.010000 0.250000
vt 0.014612 0.203178
vt 0.028269 0.158156
vt 0.050447 0.116663
vt 0.080294 0.080294
vt 0.116663 0.050447
vt 0.158156 0.028269
vt 0.203178 0.014612
vt 0.250000 0.010000
vt 0.296822 0.014612
vt 0.341844 0.028269
vt 0.383337 0.050447
vt 0.419706 0.080294
vt 0.449553 0.116663
vt 0.471731 0.158156
vt 0.485388 0.203178
vt 0.490000 0.250000
vt 0.485388 0.296822
vt 0.471731 0.341844
vt 0.449553 0.383337
vt 0.419706 0.419706
vt 0.383337 0.449553
vt 0.341844 0.471731
vt 0.031250 1.000000
vt 0.000000 1.000000
vt 0.985388 0.203178
vt 0.971731 0.158156
vt 0.949553 0.116663
vt 0.919706 0.080294
vt 0.883337 0.050447
vt 0.841844 0.028269
vt 0.796822 0.014612
vt 0.750000 0.010000
vt 0.703178 0.014612
vt 0.514612 0.296822
vt 0.528269 0.341844
vt 0.550447 0.383337
vt 0.580294 0.419706
vt 0.616663 0.449553
vt 0.658156 0.471731
vt 0.031250 0.750000
vt 0.000000 0.750000
vt 0.062500 0.750000
vt 0.093750 0.750000
vt 0.125000 0.750000
vt 0.156250 0.750000
vt 0.187500 0.750000
vt 0.218750 0.750000
vt 0.250000 0.750000
vt 0.281250 0.750000
vt 0.312500 0.750000
vt 0.343750 0.750000
vt 0.375000 0.750000
vt 0.406250 0.750000
vt 0.437500 0.750000
vt 0.468750 0.750000
vt 0.500000 0.750000
vt 0.531250 0.750000
vt 0.562500 0.750000
vt 0.593750 0.750000
vt 0.625000 0.750000
vt 0.656250 0.750000
vt 0.687500 0.750000
vt 0.718750 0.750000
vt 0.750000 0.750000
vt 0.781250 0.750000
vt 0.812500 0.750000
vt 0.843750 0.750000
vt 0.875000 0.750000
vt 0.906250 0.750000
vt 0.937500 0.750000
vt 0.968750 0.750000
vt 1.000000 0.750000
vt 0.968750 0.966463
vt 1.000000 0.966463
vt 0.999769 0.977766
vt 0.968750 0.977766
vt 0.250000 0.449950
vt 0.289008 0.446107
vt 0.250000 0.402335
vt 0.279719 0.399408
vt 0.250000 0.357768
vt 0.271024 0.355697
vt 0.937500 0.966463
vt 0.937500 0.977766
vt 0.937500 1.000000
vt 0.326518 0.434729
vt 0.308296 0.390739
vt 0.291241 0.349564
vt 0.906250 0.966463
vt 0.906250 0.977766
vt 0.906250 1.000000
vt 0.383337 0.449553
vt 0.361086 0.416252
vt 0.334633 0.376662
vt 0.309872 0.339605
vt 0.875000 0.966463
vt 0.875000 0.977766
vt 0.875000 1.000000
vt 0.391386 0.391386
vt 0.357717 0.357717
vt 0.326203 0.326203
vt 0.843750 0.966463
vt 0.843750 0.977766
vt 0.449553 0.383337
vt 0.416252 0.361086
vt 0.376662 0.334633
vt 0.339605 0.309872
vt 0.812500 0.966463
vt 0.812500 0.977766
vt 0.812500 1.000000
vt 0.434729 0.326517
vt 0.390739 0.308296
vt 0.349564 0.291241
vt 0.781250 0.966463
vt 0.781250 0.977766
vt 0.781250 1.000000
vt 0.485388 0.296822
vt 0.446108 0.289008
vt 0.399408 0.279719
vt 0.355697 0.271024
vt 0.750000 0.966463
vt 0.750000 0.977766
vt 0.750000 1.000000
vt 0.449950 0.250000
vt 0.402335 0.250000
vt 0.357768 0.250000
vt 0.718750 0.966463
vt 0.718750 0.977766
vt 0.485388 0.203178
vt 0.446108 0.210992
vt 0.399408 0.220281
vt 0.355697 0.228976
vt 0.687500 0.966463
vt 0.687500 0.977766
vt 0.687500 1.000000
vt 0.471731 0.158156
vt 0.434729 0.173483
vt 0.390739 0.191704
vt 0.349564 0.208759
vt 0.656250 0.966463
vt 0.656250 0.977766
vt 0.449553 0.116663
vt 0.416252 0.138914
vt 0.376662 0.165367
vt 0.339605 0.190127
vt 0.625000 0.966463
vt 0.625000 0.977766
vt 0.391386 0.108614
vt 0.357717 0.142283
vt 0.326203 0.173797
vt 0.593750 0.966463
vt 0.593750 0.977766
vt 0.383337 0.050447
vt 0.361086 0.083748
vt 0.334633 0.123338
vt 0.309872 0.160395
vt 0.562500 0.966463
vt 0.562500 0.977766
vt 0.341844 0.028269
vt 0.326517 0.065271
vt 0.308296 0.109261
vt 0.291241 0.150436
vt 0.531250 0.966463
vt 0.531250 0.977766
vt 0.289008 0.053892
vt 0.279719 0.100592
vt 0.271024 0.144303
vt 0.500000 0.966463
vt 0.500000 0.977766
vt 0.250000 0.050050
vt 0.250000 0.097665
vt 0.250000 0.142232
vt 0.468750 0.966463
vt 0.468750 0.977766
vt 0.203178 0.014612
vt 0.210992 0.053892
vt 0.220281 0.100592
vt 0.228976 0.144303
vt 0.437500 0.966463
vt 0.437500 0.977766
vt 0.173483 0.065271
vt 0.191704 0.109261
vt 0.208759 0.150436
vt 0.406250 0.966463
vt 0.406250 0.977766
vt 0.116663 0.050447
vt 0.138914 0.083748
vt 0.165367 0.123338
vt 0.190128 0.160395
vt 0.375000 0.966463
vt 0.375000 0.977766
vt 0.108614 0.108614
vt 0.142283 0.142283
vt 0.173797 0.173797
vt 0.343750 0.966463
vt 0.343750 0.977766
vt 0.343750 1.000000
vt 0.050447 0.116663
vt 0.083748 0.138914
vt 0.123338 0.165367
vt 0.160395 0.190128
vt 0.312500 0.966463
vt 0.312500 0.977766
vt 0.312500 1.000000
vt 0.028269 0.158156
vt 0.065271 0.173483
vt 0.109261 0.191704
vt 0.150436 0.208759
vt 0.281250 0.966463
vt 0.281250 0.977766
vt 0.281250 1.000000
vt 0.053893 0.210992
vt 0.100592 0.220281
vt 0.144303 0.228976
vt 0.250000 0.966463
vt 0.250000 0.977766
vt 0.010000 0.250000
vt 0.050051 0.250000
vt 0.097665 0.250000
vt 0.142232 0.250000
vt 0.218750 0.966463
vt 0.218750 0.977766
vt 0.014612 0.296822
vt 0.053893 0.289008
vt 0.100592 0.279719
vt 0.144303 0.271024
vt 0.187500 0.966463
vt 0.187500 0.977766
vt 0.187500 1.000000
vt 0.028269 0.341844
vt 0.065271 0.326517
vt 0.109261 0.308296
vt 0.150436 0.291241
vt 0.156250 0.966463
vt 0.156250 0.977766
vt 0.156250 1.000000
vt 0.083748 0.361086
vt 0.123338 0.334633
vt 0.160395 0.309872
vt 0.125000 0.966463
vt 0.125000 0.977766
vt 0.080294 0.419706
vt 0.108614 0.391386
vt 0.142283 0.357717
vt 0.173797 0.326203
vt 0.093750 0.966463
vt 0.093750 0.977766
vt 0.093750 1.000000
vt 0.116663 0.449553
vt 0.138914 0.416252
vt 0.165367 0.376662
vt 0.190127 0.339605
vt 0.062500 0.966463
vt 0.062500 0.977766
vt 0.158156 0.471731
vt 0.173483 0.434729
vt 0.191704 0.390739
vt 0.208759 0.349564
vt 0.031250 0.966463
vt 0.031250 0.977766
vt 0.203178 0.485388
vt 0.210992 0.446108
vt 0.220281 0.399408
vt 0.228976 0.355697
vt 0.000000 0.966463
vt 0.000231 0.977766
vt 0.125000 0.625000
vt 0.375000 0.625000
vt 0.375000 0.125000
vt 0.625000 0.125000
vt 0.625000 0.250000
vt 0.375000 0.250000
vt 0.625000 0.625000
vt 0.875000 0.625000
vt 0.375000 0.625000
vt 0.875000 0.625000
vt 0.625000 0.000000
s 0
usemtl Material.001
f 2/1/1 6/2/1 10/3/1 9/4/1
f 6/2/2 7/5/2 12/6/2 10/3/2
f 7/5/3 25/7/3 27/8/3 12/6/3
f 9/4/4 10/3/4 15/9/4 13/10/4
f 10/3/5 12/6/5 16/11/5 15/9/5
f 12/6/6 27/8/6 28/12/6 16/11/6
f 3/13/7 18/14/7 22/15/7 21/16/7
f 18/14/8 19/17/8 24/18/8 22/15/8
f 19/19/9 37/20/9 39/21/9 24/22/9
f 21/16/10 22/15/10 27/23/10 25/24/10
f 22/15/11 24/18/11 28/25/11 27/23/11
f 24/22/12 39/21/12 40/26/12 28/27/12
f 4/28/13 30/29/13 34/30/13 33/31/13
f 30/29/14 31/32/14 36/33/14 34/30/14
f 31/34/15 13/10/15 15/9/15 36/35/15
f 33/31/16 34/30/16 39/21/16 37/20/16
f 34/30/17 36/33/17 40/26/17 39/21/17
f 36/35/18 15/9/18 16/11/18 40/36/18
f 16/11/19 28/12/19 40/36/19
f 42/37/20 46/38/20 51/39/20 49/40/20
f 46/38/21 48/41/21 52/42/21 51/39/21
f 48/41/22 66/43/22 67/44/22 52/42/22
f 49/40/23 51/39/23 56/45/23 54/46/23
f 51/39/24 52/42/24 57/47/24 56/45/24
f 52/42/25 67/44/25 69/48/25 57/47/25
f 43/49/26 59/50/26 63/51/26 61/52/26
f 59/50/27 60/53/27 64/54/27 63/51/27
f 60/55/28 78/56/28 79/57/28 64/58/28
f 61/52/29 63/51/29 67/59/29 66/60/29
f 63/51/30 64/54/30 69/61/30 67/59/30
f 64/58/31 79/57/31 81/62/31 69/63/31
f 45/64/32 70/65/32 75/66/32 73/67/32
f 70/65/33 72/68/33 76/69/33 75/66/33
f 72/68/34 54/70/34 56/71/34 76/69/34
f 73/67/35 75/66/35 79/57/35 78/56/35
f 75/66/36 76/69/36 81/62/36 79/57/36
f 76/69/37 56/71/37 57/72/37 81/62/37
f 57/72/38 69/63/38 81/62/38
f 82/73/39 87/74/39 91/75/39 90/76/39
f 87/74/40 88/77/40 93/78/40 91/75/40
f 88/77/41 103/79/41 104/80/41 93/78/41
f 90/76/42 91/75/42 96/81/42 95/82/42
f 91/75/43 93/78/43 97/83/43 96/81/43
f 93/78/44 104/80/44 105/84/44 97/83/44
f 84/85/45 98/86/45 101/87/45 100/88/45
f 98/86/46 99/89/46 102/90/46 101/87/46
f 99/89/47 111/91/47 112/92/47 102/90/47
f 100/88/48 101/87/48 104/93/48 103/94/48
f 101/87/49 102/90/49 105/95/49 104/93/49
f 102/90/50 112/92/50 113/96/50 105/95/50
f 86/97/51 106/98/51 109/99/51 108/100/51
f 106/98/52 107/101/52 110/102/52 109/99/52
f 107/103/53 95/82/53 96/81/53 110/104/53
f 108/100/54 109/99/54 112/92/54 111/91/54
f 109/99/55 110/102/55 113/96/55 112/92/55
f 110/104/56 96/81/56 97/83/56 113/105/56
f 97/83/57 105/84/57 113/105/57
f 114/106/58 117/107/58 120/108/58 119/109/58
f 117/107/59 118/110/59 121/111/59 120/108/59
f 118/112/60 130/113/60 131/114/60 121/115/60
f 119/109/61 120/108/61 123/116/61 122/117/61
f 120/108/62 121/111/62 124/118/62 123/116/62
f 121/115/63 131/114/63 132/119/63 124/120/63
f 115/121/64 125/122/64 128/123/64 127/124/64
f 125/122/65 126/125/65 129/126/65 128/123/65
f 126/125/66 138/127/66 139/128/66 129/126/66
f 127/124/67 128/123/67 131/114/67 130/113/67
f 128/123/68 129/126/68 132/119/68 131/114/68
f 129/126/69 139/128/69 140/129/69 132/119/69
f 116/130/70 133/131/70 136/132/70 135/133/70
f 133/131/71 134/134/71 137/135/71 136/132/71
f 134/134/72 122/136/72 123/137/72 137/135/72
f 135/133/73 136/132/73 139/128/73 138/127/73
f 136/132/74 137/135/74 140/129/74 139/128/74
f 137/135/75 123/137/75 124/120/75 140/129/75
f 124/120/76 132/119/76 140/129/76
f 141/138/77 144/139/77 147/140/77 146/141/77
f 144/139/78 145/142/78 148/143/78 147/140/78
f 145/142/79 157/144/79 158/145/79 148/143/79
f 146/141/80 147/140/80 150/146/80 149/147/80
f 147/140/81 148/143/81 151/148/81 150/146/81
f 148/143/82 158/145/82 159/149/82 151/148/82
f 142/150/83 152/151/83 155/152/83 154/153/83
f 152/151/84 153/154/84 156/155/84 155/152/84
f 153/154/85 165/156/85 166/157/85 156/155/85
f 154/153/86 155/152/86 158/145/86 157/144/86
f 155/152/87 156/155/87 159/149/87 158/145/87
f 156/155/88 166/157/88 167/158/88 159/149/88
f 143/159/89 160/160/89 163/161/89 162/162/89
f 160/160/90 161/163/90 164/164/90 163/161/90
f 161/163/91 149/147/91 150/146/91 164/164/91
f 162/162/92 163/161/92 166/157/92 165/156/92
f 163/161/93 164/164/93 167/158/93 166/157/93
f 164/164/94 150/146/94 151/148/94 167/158/94
f 151/148/95 159/149/95 167/158/95
f 168/165/96 171/166/96 174/167/96 173/168/96
f 171/166/97 172/169/97 175/170/97 174/167/97
f 172/169/98 184/171/98 185/172/98 175/170/98
f 173/168/99 174/167/99 177/173/99 176/174/99
f 174/167/100 175/170/100 178/175/100 177/173/100
f 175/170/101 185/172/101 186/176/101 178/175/101
f 169/177/102 179/178/102 182/179/102 181/180/102
f 179/178/103 180/181/103 183/182/103 182/179/103
f 180/181/104 192/183/104 193/184/104 183/182/104
f 181/180/105 182/179/105 185/172/105 184/171/105
f 182/179/106 183/182/106 186/176/106 185/172/106
f 183/182/107 193/184/107 194/185/107 186/176/107
f 170/186/108 187/187/108 190/188/108 189/189/108
f 187/187/109 188/190/109 191/191/109 190/188/109
f 188/190/110 176/174/110 177/173/110 191/191/110
f 189/189/111 190/188/111 193/184/111 192/183/111
f 190/188/112 191/191/112 194/185/112 193/184/112
f 191/191/113 177/173/113 178/175/113 194/185/113
f 178/175/114 186/176/114 194/185/114
f 195/192/115 198/193/115 201/194/115 200/195/115
f 198/193/116 199/196/116 202/197/116 201/194/116
f 199/196/117 211/198/117 212/199/117 202/197/117
f 200/195/118 201/194/118 204/200/118 203/201/118
f 201/194/119 202/197/119 205/202/119 204/200/119
f 202/197/120 212/199/120 213/203/120 205/202/120
f 196/204/121 206/205/121 209/206/121 208/207/121
f 206/205/122 207/208/122 210/209/122 209/206/122
f 207/208/123 219/210/123 220/211/123 210/209/123
f 208/207/124 209/206/124 212/199/124 211/198/124
f 209/206/125 210/209/125 213/203/125 212/199/125
f 210/209/126 220/211/126 221/212/126 213/203/126
f 197/213/127 214/214/127 217/215/127 216/216/127
f 214/214/128 215/217/128 218/218/128 217/215/128
f 215/217/129 203/201/129 204/200/129 218/218/129
f 216/216/130 217/215/130 220/211/130 219/210/130
f 217/215/131 218/218/131 221/212/131 220/211/131
f 218/218/132 204/200/132 205/202/132 221/212/132
f 205/202/133 213/203/133 221/212/133
f 222/219/134 225/220/134 228/221/134 227/222/134
f 225/220/135 226/223/135 229/224/135 228/221/135
f 226/223/136 238/225/136 239/226/136 229/224/136
f 227/222/137 228/221/137 231/227/137 230/228/137
f 228/221/138 229/224/138 232/229/138 231/227/138
f 229/224/139 239/226/139 240/230/139 232/229/139
f 223/231/140 233/232/140 236/233/140 235/234/140
f 233/232/141 234/235/141 237/236/141 236/233/141
f 234/235/142 246/237/142 247/238/142 237/236/142
f 235/234/143 236/233/143 239/226/143 238/225/143
f 236/233/144 237/236/144 240/230/144 239/226/144
f 237/236/145 247/238/145 248/239/145 240/230/145
f 224/240/146 241/241/146 244/242/146 243/243/146
f 241/241/147 242/244/147 245/245/147 244/242/147
f 242/244/148 230/228/148 231/227/148 245/245/148
f 243/243/149 244/242/149 247/238/149 246/237/149
f 244/242/150 245/245/150 248/239/150 247/238/150
f 245/245/151 231/227/151 232/229/151 248/239/151
f 232/229/152 240/230/152 248/239/152
f 82/73/153 2/1/153 9/4/153 87/74/153
f 87/74/154 9/4/154 13/10/154 88/77/154
f 88/77/155 13/10/155 31/34/155 103/79/155
f 103/94/156 31/32/156 30/29/156 100/88/156
f 100/88/157 30/29/157 4/28/157 84/85/157
f 3/13/158 42/37/158 49/40/158 18/14/158
f 18/14/159 49/40/159 54/46/159 19/17/159
f 19/19/160 54/70/160 72/68/160 37/20/160
f 37/20/161 72/68/161 70/65/161 33/31/161
f 33/31/162 70/65/162 45/64/162 4/28/162
f 43/49/163 114/106/163 119/109/163 59/50/163
f 59/50/164 119/109/164 122/117/164 60/53/164
f 60/55/165 122/136/165 134/134/165 78/56/165
f 78/56/166 134/134/166 133/131/166 73/67/166
f 73/67/167 133/131/167 116/130/167 45/64/167
f 115/121/168 86/97/168 108/100/168 125/122/168
f 125/122/169 108/100/169 111/91/169 126/125/169
f 126/125/170 111/91/170 99/89/170 138/127/170
f 138/127/171 99/89/171 98/86/171 135/133/171
f 135/133/172 98/86/172 84/85/172 116/130/172
f 250/246/173 82/73/173 90/76/173 251/247/173
f 251/247/174 90/76/174 95/82/174 253/248/174
f 253/248/175 95/82/175 107/103/175 255/249/175
f 255/250/176 107/101/176 106/98/176 257/251/176
f 257/251/177 106/98/177 86/97/177 259/252/177
f 262/253/178 222/219/178 227/222/178 263/254/178
f 263/254/179 227/222/179 230/228/179 265/255/179
f 265/256/180 230/228/180 242/244/180 267/257/180
f 267/257/181 242/244/181 241/241/181 269/258/181
f 269/258/182 241/241/182 224/240/182 271/259/182
f 223/231/183 197/213/183 216/216/183 233/232/183
f 233/232/184 216/216/184 219/210/184 234/235/184
f 234/235/185 219/210/185 207/208/185 246/237/185
f 246/237/186 207/208/186 206/205/186 243/243/186
f 243/243/187 206/205/187 196/204/187 224/240/187
f 442/260/188 195/192/188 200/195/188 446/261/188 443/262/188
f 445/263/188 144/139/188 141/138/188 441/264/188 444/265/188
f 200/195/189 203/201/189 448/266/189 446/261/189
f 145/142/189 144/139/189 445/263/189 447/267/189
f 203/201/190 215/217/190 450/268/190 448/266/190
f 157/144/190 145/142/190 447/267/190 449/269/190
f 450/268/191 215/217/191 214/214/191 454/270/191 451/271/191
f 453/272/191 154/153/191 157/144/191 449/269/191 452/273/191
f 454/270/192 214/214/192 197/213/192 456/274/192
f 142/150/192 154/153/192 453/272/192 455/275/192
f 457/276/193 458/277/193 168/165/193 173/168/193 461/278/193
f 460/279/193 462/280/193 225/220/193 222/219/193 459/281/193
f 461/278/194 173/168/194 176/174/194 463/282/194
f 464/283/194 226/223/194 225/220/194 462/280/194
f 463/282/195 176/174/195 188/190/195 465/284/195
f 466/285/195 238/225/195 226/223/195 464/283/195
f 465/284/196 188/190/196 187/187/196 468/286/196 467/287/196
f 469/288/196 235/234/196 238/225/196 466/285/196 470/289/196
f 187/187/197 170/186/197 471/290/197 468/286/197
f 223/231/197 235/234/197 469/288/197 472/291/197
f 169/177/198 143/159/198 162/162/198 179/178/198
f 179/178/199 162/162/199 165/156/199 180/181/199
f 180/181/200 165/156/200 153/154/200 192/183/200
f 192/183/201 153/154/201 152/151/201 189/189/201
f 189/189/202 152/151/202 142/150/202 170/186/202
f 274/292/203 141/138/203 146/141/203 275/293/203
f 275/293/204 146/141/204 149/147/204 277/294/204
f 277/294/205 149/147/205 161/163/205 279/295/205
f 279/296/206 161/163/206 160/160/206 281/297/206
f 281/297/207 160/160/207 143/159/207 283/298/207
f 286/299/208 43/49/208 61/52/208 287/300/208
f 287/300/209 61/52/209 66/60/209 289/301/209
f 289/302/210 66/43/210 48/41/210 291/303/210
f 291/303/211 48/41/211 46/38/211 293/304/211
f 293/304/212 46/38/212 42/37/212 295/305/212
f 441/264/213 141/138/213 274/292/213 249/306/213 195/192/213 442/260/213 477/307/213 475/308/213 473/309/213 474/310/213 476/311/213
f 4/28/214 45/64/214 116/130/214 84/85/214
f 284/312/215 295/305/215 42/37/215 3/13/215
f 261/313/216 114/106/216 43/49/216 286/299/216
f 260/314/217 271/259/217 224/240/217 196/204/217
f 170/186/218 142/150/218 455/275/218 471/290/218
f 197/213/218 223/231/218 472/291/218 456/274/218
f 86/97/217 115/121/217 272/315/217 259/252/217
f 262/253/214 263/254/214 412/254/214 358/253/214
f 481/316/216 459/281/216 222/219/216 262/253/216 285/317/216 168/165/216 458/277/216 482/318/216 479/319/216 478/320/216 480/321/216
f 319/322/218 317/323/218 427/323/218 428/322/218
f 143/159/215 169/177/215 296/324/215 283/298/215
f 294/325/214 292/326/214 388/326/214 390/325/214
f 82/73/213 250/246/213 273/327/213 2/1/213
f 334/328/214 309/329/214 423/329/214 381/328/214
f 181/180/212 294/325/212 296/324/212 169/177/212
f 264/330/218 261/313/218 396/313/218 360/330/218
f 184/171/211 292/326/211 294/325/211 181/180/211
f 318/331/214 320/332/214 367/332/214 365/331/214
f 172/169/210 290/333/210 292/326/210 184/171/210
f 293/304/218 295/305/218 398/305/218 401/304/218
f 171/166/209 288/334/209 290/335/209 172/169/209
f 310/336/218 333/337/218 435/337/218 357/336/218
f 168/165/208 285/317/208 288/334/208 171/166/208
f 263/254/214 265/255/214 411/255/214 412/254/214
f 21/16/207 282/338/207 284/312/207 3/13/207
f 317/323/218 315/339/218 426/339/218 427/323/218
f 25/24/206 280/340/206 282/338/206 21/16/206
f 296/324/214 294/325/214 390/325/214 392/324/214
f 7/5/205 278/341/205 280/342/205 25/7/205
f 332/343/214 343/344/214 440/344/214 379/343/214
f 6/2/204 276/345/204 278/341/204 7/5/204
f 266/346/218 264/330/218 360/330/218 362/346/218
f 2/1/203 273/327/203 276/345/203 6/2/203
f 316/347/214 318/331/214 365/331/214 363/347/214
f 127/124/182 270/348/182 272/315/182 115/121/182
f 249/306/214 274/292/214 370/292/214 400/306/214
f 130/113/181 268/349/181 270/348/181 127/124/181
f 344/350/218 331/351/218 434/351/218 391/350/218
f 118/112/180 266/352/180 268/349/180 130/113/180
f 265/256/214 267/257/214 410/257/214 411/256/214
f 117/107/179 264/330/179 266/346/179 118/110/179
f 315/339/218 313/353/218 425/353/218 426/339/218
f 114/106/178 261/313/178 264/330/178 117/107/178
f 273/327/218 250/246/218 346/246/218 399/327/218
f 208/207/177 258/354/177 260/314/177 196/204/177
f 322/355/218 297/356/218 417/356/218 369/355/218
f 211/198/176 256/357/176 258/354/176 208/207/176
f 268/349/218 266/352/218 362/352/218 364/349/218
f 199/196/175 254/358/175 256/359/175 211/198/175
f 314/360/214 316/347/214 363/347/214 361/360/214
f 198/193/174 252/361/174 254/358/174 199/196/174
f 295/305/218 284/312/218 380/312/218 398/305/218
f 195/192/173 249/306/173 252/361/173 198/193/173
f 298/362/214 321/363/214 429/363/214 345/362/214
f 267/257/214 269/258/214 409/258/214 410/257/214
f 313/366/218 311/367/218 424/367/218 425/366/218
f 283/298/214 296/324/214 392/324/214 397/298/214
f 343/344/214 341/372/214 439/372/214 440/344/214
f 270/348/218 268/349/218 364/349/218 366/348/218
f 312/379/214 314/380/214 361/380/214 359/379/214
f 261/313/218 286/299/218 382/299/218 396/313/218
f 342/381/218 344/350/218 391/350/218 389/381/218
f 269/258/214 271/259/214 394/259/214 409/258/214
f 311/367/218 310/336/218 357/336/218 424/367/218
f 285/317/214 262/253/214 358/253/214 395/317/214
f 341/372/214 339/384/214 438/384/214 439/372/214
f 272/315/218 270/348/218 366/348/218 368/315/218
f 309/329/214 312/379/214 359/379/214 423/329/214
f 271/259/214 260/314/214 356/314/214 394/259/214
f 340/393/218 342/381/218 389/381/218 387/393/218
f 274/292/214 275/293/214 408/293/214 370/292/214
f 307/377/214 305/375/214 421/375/214 422/377/214
f 259/252/218 272/315/218 368/315/218 393/252/218
f 339/384/214 337/399/214 437/399/214 438/384/214
f 276/345/218 273/327/218 399/327/218 372/345/218
f 306/376/218 308/378/218 355/378/218 353/376/218
f 338/398/218 340/393/218 387/393/218 385/398/218
f 275/293/214 277/294/214 407/294/214 408/293/214
f 355/378/217 428/322/217 394/259/217 356/314/217
f 423/329/216 396/313/216 382/299/216 381/328/216
f 379/343/215 440/344/215 398/305/215 380/312/215
f 417/356/213 400/306/213 370/292/213 369/355/213
f 439/372/219 401/304/219 398/305/219 440/344/219
f 438/384/211 402/303/211 401/304/211 439/372/211
f 437/399/210 403/302/210 402/303/210 438/384/210
f 436/394/209 404/300/209 403/301/209 437/396/209
f 381/328/220 382/299/220 404/300/220 436/394/220
f 433/391/221 405/297/221 397/298/221 434/351/221
f 432/390/206 406/296/206 405/297/206 433/391/206
f 431/385/205 407/294/205 406/295/205 432/387/205
f 430/382/204 408/293/204 407/294/204 431/385/204
f 369/355/222 370/292/222 408/293/222 430/382/222
f 427/323/223 409/258/223 394/259/223 428/322/223
f 426/339/181 410/257/181 409/258/181 427/323/181
f 425/353/180 411/256/180 410/257/180 426/339/180
f 424/367/179 412/254/179 411/255/179 425/366/179
f 357/336/224 358/253/224 412/254/224 424/367/224
f 421/375/225 413/251/225 393/252/225 422/377/225
f 420/374/176 414/250/176 413/251/176 421/375/176
f 419/368/175 415/248/175 414/249/175 420/370/175
f 418/364/174 416/247/174 415/248/174 419/368/174
f 345/362/226 346/246/226 416/247/226 418/364/226
f 400/306/226 417/356/226 347/365/226 348/361/226
f 348/361/174 347/365/174 349/369/174 350/358/174
f 350/358/175 349/369/175 351/371/175 352/359/175
f 352/357/176 351/373/176 353/376/176 354/354/176
f 354/354/225 353/376/225 355/378/225 356/314/225
f 396/313/224 423/329/224 359/379/224 360/330/224
f 360/330/179 359/379/179 361/380/179 362/346/179
f 362/352/180 361/360/180 363/347/180 364/349/180
f 364/349/181 363/347/181 365/331/181 366/348/181
f 366/348/223 365/331/223 367/332/223 368/315/223
f 399/327/222 429/363/222 371/383/222 372/345/222
f 372/345/204 371/383/204 373/386/204 374/341/204
f 374/341/205 373/386/205 375/388/205 376/342/205
f 376/340/206 375/389/206 377/392/206 378/338/206
f 378/338/221 377/392/221 379/343/221 380/312/221
f 395/317/220 435/337/220 383/395/220 384/334/220
f 384/334/209 383/395/209 385/397/209 386/335/209
f 386/333/210 385/398/210 387/393/210 388/326/210
f 388/326/211 387/393/211 389/381/211 390/325/211
f 390/325/219 389/381/219 391/350/219 392/324/219
f 346/246/213 345/362/213 429/363/213 399/327/213
f 397/298/215 392/324/215 391/350/215 434/351/215
f 358/253/216 357/336/216 435/337/216 395/317/216
f 393/252/217 368/315/217 367/332/217 422/377/217
f 320/332/214 307/377/214 422/377/214 367/332/214
f 291/303/218 293/304/218 401/304/218 402/303/218
f 321/363/214 324/383/214 371/383/214 429/363/214
f 260/314/214 258/354/214 354/354/214 356/314/214
f 308/378/218 319/322/218 428/322/218 355/378/218
f 292/326/214 290/333/214 386/333/214 388/326/214
f 323/382/218 322/355/218 369/355/218 430/382/218
f 257/251/218 259/252/218 393/252/218 413/251/218
f 289/302/218 291/303/218 402/303/218 403/302/218
f 324/383/214 326/386/214 373/386/214 371/383/214
f 258/354/214 256/357/214 352/357/214 354/354/214
f 290/335/214 288/334/214 384/334/214 386/335/214
f 325/385/218 323/382/218 430/382/218 431/385/218
f 255/250/218 257/251/218 413/251/218 414/250/218
f 287/300/218 289/301/218 403/301/218 404/300/218
f 326/386/214 328/388/214 375/388/214 373/386/214
f 256/359/214 254/358/214 350/358/214 352/359/214
f 288/334/214 285/317/214 395/317/214 384/334/214
f 327/387/218 325/385/218 431/385/218 432/387/218
f 253/248/218 255/249/218 414/249/218 415/248/218
f 286/299/218 287/300/218 404/300/218 382/299/218
f 328/389/214 330/392/214 377/392/214 375/389/214
f 297/356/218 300/365/218 347/365/218 417/356/218
f 254/358/214 252/361/214 348/361/214 350/358/214
f 284/312/218 282/338/218 378/338/218 380/312/218
f 329/391/218 327/390/218 432/390/218 433/391/218
f 299/364/214 298/362/214 345/362/214 418/364/214
f 251/247/218 253/248/218 415/248/218 416/247/218
f 281/297/214 283/298/214 397/298/214 405/297/214
f 330/392/214 332/343/214 379/343/214 377/392/214
f 300/365/218 302/369/218 349/369/218 347/365/218
f 252/361/214 249/306/214 400/306/214 348/361/214
f 282/338/218 280/340/218 376/340/218 378/338/218
f 331/351/218 329/391/218 433/391/218 434/351/218
f 301/368/214 299/364/214 418/364/214 419/368/214
f 250/246/218 251/247/218 416/247/218 346/246/218
f 279/296/214 281/297/214 405/297/214 406/296/214
f 333/337/218 336/395/218 383/395/218 435/337/218
f 302/369/218 304/371/218 351/371/218 349/369/218
f 280/342/218 278/341/218 374/341/218 376/342/218
f 335/394/214 334/328/214 381/328/214 436/394/214
f 303/370/214 301/368/214 419/368/214 420/370/214
f 277/294/214 279/295/214 406/295/214 407/294/214
f 336/395/218 338/397/218 385/397/218 383/395/218
f 304/373/218 306/376/218 353/376/218 351/373/218
f 278/341/218 276/345/218 372/345/218 374/341/218
f 337/396/214 335/394/214 436/394/214 437/396/214
f 305/375/214 303/374/214 420/374/214 421/375/214
f 471/439/227 455/440/227 453/441/227 452/442/227 467/443/227 468/444/227
f 452/442/228 449/445/228 447/446/228 445/447/228 444/448/228 457/449/228 461/450/228 463/451/228 465/452/228 467/443/228
f 458/453/229 457/449/229 444/448/229 441/454/229 476/455/229 482/456/229
f 482/456/230 476/455/230 474/457/230 479/458/230
f 479/458/231 474/457/231 473/459/231 478/460/231
f 478/460/232 473/459/232 475/461/232 480/462/232
f 480/462/233 475/461/233 477/463/233 481/464/233
f 477/463/234 442/465/234 443/466/234 460/467/234 459/468/234 481/464/234
f 470/469/235 466/470/235 464/471/235 462/472/235 460/467/235 443/466/235 446/473/235 448/474/235 450/475/235 451/476/235
f 472/477/236 469/478/236 470/469/236 451/476/236 454/479/236 456/480/236
f 518/484/237 1/485/237 5/486/237 517/487/237
f 517/488/238 5/486/238 8/489/238 516/490/238
f 516/490/239 8/489/239 11/491/239 523/492/239
f 523/492/240 11/491/240 14/493/240 520/494/240
f 14/493/241 17/495/241 519/496/241 520/494/241
f 17/495/242 20/497/242 524/498/242 519/496/242
f 20/497/243 23/499/243 521/500/243 524/498/243
f 23/499/244 26/501/244 522/502/244 521/500/244
f 26/501/245 29/503/245 510/504/245 522/502/245
f 29/503/246 32/505/246 511/506/246 510/504/246
f 32/505/247 35/507/247 508/508/247 511/506/247
f 35/507/248 38/509/248 509/510/248 508/508/248
f 38/509/249 41/511/249 512/512/249 509/510/249
f 41/511/250 44/513/250 506/514/250 512/512/250
f 44/513/251 47/515/251 513/516/251 506/514/251
f 47/515/252 50/517/252 507/518/252 513/516/252
f 50/517/253 53/519/253 504/520/253 507/521/253
f 53/519/254 55/522/254 505/523/254 504/524/254
f 55/522/255 58/525/255 503/526/255 505/523/255
f 58/525/256 62/527/256 501/528/256 503/526/256
f 62/527/257 65/529/257 499/530/257 501/528/257
f 65/529/258 68/531/258 497/532/258 499/533/258
f 68/531/259 71/534/259 496/535/259 497/532/259
f 71/534/260 74/536/260 493/537/260 496/535/260
f 74/536/261 77/538/261 495/539/261 493/537/261
f 77/538/262 80/540/262 494/541/262 495/539/262
f 80/540/263 83/542/263 498/543/263 494/541/263
f 83/542/264 85/544/264 500/545/264 498/543/264
f 500/545/265 85/544/265 89/546/265 502/547/265
f 502/547/266 89/546/266 92/548/266 515/549/266
f 515/549/267 92/548/267 94/550/267 514/551/267
f 514/552/268 94/550/268 1/553/268 518/554/268
f 89/555/217 85/556/217 83/557/217 80/558/217 77/559/217 74/560/217 71/559/217 68/558/217 65/557/217 62/556/217 58/555/217 55/561/217 53/562/217 50/563/217 47/564/217 44/565/217 41/566/217 38/567/217 35/568/217 32/569/217 29/570/217 26/571/217 23/570/217 20/569/217 17/568/217 14/567/217 11/566/217 8/565/217 5/564/217 1/563/217 94/562/217 92/561/217
f 525/485/253 526/572/253 528/573/253 527/486/253
f 527/486/254 528/573/254 530/574/254 529/489/254
f 529/489/255 530/574/255 532/575/255 531/491/255
f 531/491/256 532/575/256 534/576/256 533/493/256
f 533/493/257 534/576/257 536/577/257 535/495/257
f 535/495/258 536/577/258 538/578/258 537/497/258
f 537/497/259 538/578/259 540/579/259 539/499/259
f 539/499/260 540/579/260 542/580/260 541/501/260
f 541/501/261 542/580/261 544/581/261 543/503/261
f 543/503/262 544/581/262 546/582/262 545/505/262
f 545/505/263 546/582/263 548/583/263 547/507/263
f 547/507/264 548/583/264 550/48/264 549/509/264
f 549/509/265 550/48/265 552/584/265 551/511/265
f 551/511/266 552/584/266 554/585/266 553/513/266
f 553/513/267 554/585/267 556/586/267 555/515/267
f 555/515/268 556/586/268 558/587/268 557/517/268
f 557/517/269 558/587/269 560/588/269 559/519/269
f 559/519/238 560/588/238 562/589/238 561/522/238
f 561/522/239 562/589/239 564/590/239 563/525/239
f 563/525/240 564/590/240 566/591/240 565/527/240
f 565/527/241 566/591/241 568/592/241 567/529/241
f 567/529/242 568/592/242 570/593/242 569/531/242
f 569/531/243 570/593/243 572/594/243 571/534/243
f 571/534/244 572/594/244 574/595/244 573/536/244
f 573/536/245 574/595/245 576/596/245 575/538/245
f 575/538/246 576/596/246 578/597/246 577/540/246
f 577/540/247 578/597/247 580/598/247 579/542/247
f 579/542/248 580/598/248 582/599/248 581/544/248
f 581/544/249 582/599/249 584/600/249 583/546/249
f 583/546/250 584/600/250 586/601/250 585/548/250
f 528/602/217 526/603/217 588/604/217 586/605/217 584/606/217 582/607/217 580/608/217 578/609/217 576/610/217 574/611/217 572/612/217 570/613/217 568/614/217 566/615/217 564/616/217 562/617/217 560/618/217 558/619/217 556/620/217 554/621/217 552/622/217 550/623/217 548/624/217 546/625/217 544/626/217 542/627/217 540/628/217 538/629/217 536/630/217 534/631/217 532/632/217 530/633/217
f 585/548/251 586/601/251 588/634/251 587/550/251
f 587/550/270 588/634/270 526/635/270 525/553/270
f 525/563/215 527/564/215 529/565/215 531/566/215 533/567/215 535/568/215 537/569/215 539/570/215 541/571/215 543/636/215 545/637/215 547/638/215 549/639/215 551/640/215 553/641/215 555/642/215 557/643/215 559/644/215 561/561/215 563/555/215 565/556/215 567/557/215 569/558/215 571/559/215 573/560/215 575/645/215 577/646/215 579/647/215 581/648/215 583/649/215 585/650/215 587/562/215
usemtl Material.002
f 297/356/173 298/362/173 299/364/173 300/365/173
f 300/365/174 299/364/174 301/368/174 302/369/174
f 302/369/175 301/368/175 303/370/175 304/371/175
f 304/373/176 303/374/176 305/375/176 306/376/176
f 306/376/177 305/375/177 307/377/177 308/378/177
f 309/329/178 310/336/178 311/367/178 312/379/178
f 312/379/179 311/367/179 313/366/179 314/380/179
f 314/360/180 313/353/180 315/339/180 316/347/180
f 316/347/181 315/339/181 317/323/181 318/331/181
f 318/331/182 317/323/182 319/322/182 320/332/182
f 321/363/203 322/355/203 323/382/203 324/383/203
f 324/383/204 323/382/204 325/385/204 326/386/204
f 326/386/205 325/385/205 327/387/205 328/388/205
f 328/389/206 327/390/206 329/391/206 330/392/206
f 330/392/207 329/391/207 331/351/207 332/343/207
f 333/337/208 334/328/208 335/394/208 336/395/208
f 336/395/209 335/394/209 337/396/209 338/397/209
f 338/398/210 337/399/210 339/384/210 340/393/210
f 340/393/211 339/384/211 341/372/211 342/381/211
f 342/381/212 341/372/212 343/344/212 344/350/212
f 298/362/213 297/356/213 322/355/213 321/363/213
f 331/351/215 344/350/215 343/344/215 332/343/215
f 492/400/216 483/401/216 484/402/216 333/337/216 310/336/216 309/329/216 334/328/216 488/403/216 489/404/216 490/405/216 491/406/216
f 494/407/217 307/377/217 320/332/217 497/408/217 496/409/217 493/410/217 495/411/217
f 320/332/217 319/322/217 308/378/217 307/377/217 494/407/217 498/412/217 500/413/217 502/414/217 515/415/217 514/416/217 518/417/217 517/418/217 516/419/217 523/420/217 520/421/217 519/422/217 524/423/217 521/424/217 522/425/217 510/426/217 511/427/217 508/428/217 509/429/217 512/430/217 506/431/217 513/432/217 507/433/217 504/434/217 505/435/217 503/436/217 501/437/217 499/438/217 497/408/217
f 486/481/216 487/482/216 488/403/216 334/328/216 333/337/216 484/402/216 485/483/216
usemtl Material.003
f 487/482/216 486/481/216 485/483/216 484/402/216 483/401/216 492/400/216 491/406/216 490/405/216 489/404/216 488/403/216
usemtl Material.004
f 589/563/214 590/564/214 591/565/214 592/566/214 593/567/214 594/568/214 595/569/214 596/570/214 597/571/214 598/636/214 599/637/214 600/638/214 601/639/214 602/640/214 603/641/214 604/642/214 605/643/214 606/644/214 607/561/214 608/555/214 609/556/214 610/557/214 611/558/214 612/559/214 613/560/214 614/645/214 615/646/214 616/647/214 617/648/214 618/649/214 619/650/214 620/562/214
f 620/550/271 652/651/271 621/652/271 589/553/271
f 619/548/272 651/653/272 652/651/272 620/550/272
f 618/546/273 650/654/273 651/653/273 619/548/273
f 617/544/274 649/655/274 650/654/274 618/546/274
f 616/542/275 648/656/275 649/655/275 617/544/275
f 615/540/276 647/657/276 648/656/276 616/542/276
f 614/538/277 646/658/277 647/657/277 615/540/277
f 613/536/278 645/659/278 646/658/278 614/538/278
f 612/534/279 644/660/279 645/659/279 613/536/279
f 611/531/280 643/661/280 644/660/280 612/534/280
f 610/529/281 642/662/281 643/661/281 611/531/281
f 609/527/282 641/663/282 642/662/282 610/529/282
f 608/525/283 640/664/283 641/663/283 609/527/283
f 607/522/284 639/665/284 640/664/284 608/525/284
f 606/519/285 638/666/285 639/665/285 607/522/285
f 605/517/286 637/667/286 638/666/286 606/519/286
f 604/515/287 636/668/287 637/667/287 605/517/287
f 603/513/288 635/669/288 636/668/288 604/515/288
f 602/511/289 634/670/289 635/669/289 603/513/289
f 601/509/290 633/671/290 634/670/290 602/511/290
f 600/507/291 632/672/291 633/671/291 601/509/291
f 599/505/292 631/673/292 632/672/292 600/507/292
f 598/503/293 630/674/293 631/673/293 599/505/293
f 597/501/294 629/675/294 630/674/294 598/503/294
f 596/499/295 628/676/295 629/675/295 597/501/295
f 595/497/296 627/677/296 628/676/296 596/499/296
f 594/495/297 626/678/297 627/677/297 595/497/297
f 593/493/298 625/679/298 626/678/298 594/495/298
f 592/491/299 624/680/299 625/679/299 593/493/299
f 591/489/300 623/681/300 624/680/300 592/491/300
f 590/486/301 622/682/301 623/681/301 591/489/301
f 589/485/302 621/683/302 622/682/302 590/486/302
f 660/684/303 654/685/303 658/686/303 664/687/303
f 664/687/304 658/686/304 657/572/304 663/573/304
f 663/602/305 657/603/305 656/688/305 662/689/305
f 662/689/306 656/688/306 655/690/306 661/691/306
f 661/691/307 655/690/307 653/692/307 659/693/307
f 666/694/308 660/684/308 664/687/308 670/695/308
f 670/695/309 664/687/309 663/573/309 669/696/309
f 669/633/310 663/602/310 662/689/310 668/697/310
f 668/697/311 662/689/311 661/691/311 667/698/311
f 667/698/312 661/691/312 659/693/312 665/699/312
f 672/700/313 666/694/313 670/695/313 676/701/313
f 676/701/314 670/695/314 669/696/314 675/702/314
f 675/703/315 669/633/315 668/697/315 674/704/315
f 674/704/316 668/697/316 667/698/316 673/705/316
f 673/705/317 667/698/317 665/699/317 671/706/317
f 678/707/318 672/700/318 676/701/318 682/708/318
f 682/708/319 676/701/319 675/702/319 681/709/319
f 681/631/320 675/703/320 674/704/320 680/710/320
f 680/710/321 674/704/321 673/705/321 679/711/321
f 679/711/322 673/705/322 671/706/322 677/712/322
f 684/713/323 678/707/323 682/708/323 688/714/323
f 688/714/324 682/708/324 681/709/324 687/577/324
f 687/715/325 681/631/325 680/710/325 686/716/325
f 686/716/326 680/710/326 679/711/326 685/717/326
f 685/717/327 679/711/327 677/712/327 683/718/327
f 690/719/328 684/713/328 688/714/328 694/720/328
f 694/720/329 688/714/329 687/577/329 693/721/329
f 693/629/330 687/715/330 686/716/330 692/722/330
f 692/722/331 686/716/331 685/717/331 691/723/331
f 691/723/332 685/717/332 683/718/332 689/724/332
f 696/725/333 690/719/333 694/720/333 700/726/333
f 700/726/334 694/720/334 693/721/334 699/727/334
f 699/728/335 693/629/335 692/722/335 698/729/335
f 698/729/336 692/722/336 691/723/336 697/730/336
f 697/730/337 691/723/337 689/724/337 695/731/337
f 702/732/338 696/725/338 700/726/338 706/733/338
f 706/733/339 700/726/339 699/727/339 705/734/339
f 705/627/340 699/728/340 698/729/340 704/735/340
f 704/735/341 698/729/341 697/730/341 703/736/341
f 703/736/342 697/730/342 695/731/342 701/737/342
f 708/738/343 702/732/343 706/733/343 712/739/343
f 712/739/344 706/733/344 705/734/344 711/581/344
f 711/740/345 705/627/345 704/735/345 710/741/345
f 710/741/346 704/735/346 703/736/346 709/742/346
f 709/742/347 703/736/347 701/737/347 707/743/347
f 714/744/348 708/738/348 712/739/348 718/745/348
f 718/745/349 712/739/349 711/581/349 717/746/349
f 717/747/350 711/740/350 710/741/350 716/748/350
f 716/748/351 710/741/351 709/742/351 715/749/351
f 715/749/352 709/742/352 707/743/352 713/750/352
f 720/751/353 714/744/353 718/745/353 724/752/353
f 724/752/354 718/745/354 717/746/354 723/583/354
f 723/753/355 717/747/355 716/748/355 722/754/355
f 722/754/356 716/748/356 715/749/356 721/755/356
f 721/755/357 715/749/357 713/750/357 719/756/357
f 726/757/358 720/751/358 724/752/358 730/758/358
f 730/758/359 724/752/359 723/583/359 729/48/359
f 729/623/360 723/753/360 722/754/360 728/759/360
f 728/759/361 722/754/361 721/755/361 727/760/361
f 727/760/362 721/755/362 719/756/362 725/761/362
f 732/762/363 726/757/363 730/758/363 736/763/363
f 736/763/364 730/758/364 729/48/364 735/584/364
f 735/764/365 729/623/365 728/759/365 734/765/365
f 734/765/366 728/759/366 727/760/366 733/766/366
f 733/766/367 727/760/367 725/761/367 731/767/367
f 738/768/368 732/762/368 736/763/368 742/769/368
f 742/769/369 736/763/369 735/584/369 741/585/369
f 741/770/370 735/764/370 734/765/370 740/771/370
f 740/771/371 734/765/371 733/766/371 739/772/371
f 739/772/372 733/766/372 731/767/372 737/773/372
f 744/774/373 738/768/373 742/769/373 748/775/373
f 748/775/374 742/769/374 741/585/374 747/586/374
f 747/620/375 741/770/375 740/771/375 746/776/375
f 746/776/376 740/771/376 739/772/376 745/777/376
f 745/777/377 739/772/377 737/773/377 743/778/377
f 750/779/378 744/774/378 748/775/378 754/780/378
f 754/780/379 748/775/379 747/586/379 753/587/379
f 753/619/380 747/620/380 746/776/380 752/781/380
f 752/781/381 746/776/381 745/777/381 751/782/381
f 751/782/382 745/777/382 743/778/382 749/783/382
f 756/784/383 750/779/383 754/780/383 760/785/383
f 760/785/384 754/780/384 753/587/384 759/588/384
f 759/786/385 753/619/385 752/781/385 758/787/385
f 758/787/386 752/781/386 751/782/386 757/788/386
f 757/788/387 751/782/387 749/783/387 755/789/387
f 762/790/388 756/784/388 760/785/388 766/791/388
f 766/791/389 760/785/389 759/588/389 765/589/389
f 765/617/390 759/786/390 758/787/390 764/792/390
f 764/792/391 758/787/391 757/788/391 763/793/391
f 763/793/392 757/788/392 755/789/392 761/794/392
f 768/795/393 762/790/393 766/791/393 772/796/393
f 772/796/394 766/791/394 765/589/394 771/590/394
f 771/797/395 765/617/395 764/792/395 770/798/395
f 770/798/396 764/792/396 763/793/396 769/799/396
f 769/799/397 763/793/397 761/794/397 767/800/397
f 774/801/398 768/795/398 772/796/398 778/802/398
f 778/802/399 772/796/399 771/590/399 777/591/399
f 777/615/400 771/797/400 770/798/400 776/803/400
f 776/803/401 770/798/401 769/799/401 775/804/401
f 775/804/402 769/799/402 767/800/402 773/805/402
f 780/806/403 774/801/403 778/802/403 784/807/403
f 784/807/404 778/802/404 777/591/404 783/808/404
f 783/809/405 777/615/405 776/803/405 782/810/405
f 782/810/406 776/803/406 775/804/406 781/811/406
f 781/811/407 775/804/407 773/805/407 779/812/407
f 786/813/408 780/806/408 784/807/408 790/814/408
f 790/814/409 784/807/409 783/808/409 789/815/409
f 789/816/410 783/809/410 782/810/410 788/817/410
f 788/817/411 782/810/411 781/811/411 787/818/411
f 787/818/412 781/811/412 779/812/412 785/819/412
f 792/820/413 786/813/413 790/814/413 796/821/413
f 796/821/414 790/814/414 789/815/414 795/822/414
f 795/612/415 789/816/415 788/817/415 794/823/415
f 794/823/416 788/817/416 787/818/416 793/824/416
f 793/824/417 787/818/417 785/819/417 791/825/417
f 798/826/418 792/820/418 796/821/418 802/827/418
f 802/827/419 796/821/419 795/822/419 801/595/419
f 801/828/420 795/612/420 794/823/420 800/829/420
f 800/829/421 794/823/421 793/824/421 799/830/421
f 799/830/422 793/824/422 791/825/422 797/831/422
f 804/832/423 798/826/423 802/827/423 808/833/423
f 808/833/424 802/827/424 801/595/424 807/596/424
f 807/834/425 801/828/425 800/829/425 806/835/425
f 806/835/426 800/829/426 799/830/426 805/836/426
f 805/836/427 799/830/427 797/831/427 803/837/427
f 810/838/428 804/832/428 808/833/428 814/839/428
f 814/839/429 808/833/429 807/596/429 813/840/429
f 813/841/430 807/834/430 806/835/430 812/842/430
f 812/842/431 806/835/431 805/836/431 811/843/431
f 811/843/432 805/836/432 803/837/432 809/844/432
f 816/845/433 810/838/433 814/839/433 820/846/433
f 820/846/434 814/839/434 813/840/434 819/847/434
f 819/608/435 813/841/435 812/842/435 818/848/435
f 818/848/436 812/842/436 811/843/436 817/849/436
f 817/849/437 811/843/437 809/844/437 815/850/437
f 822/851/438 816/845/438 820/846/438 826/852/438
f 826/852/439 820/846/439 819/847/439 825/599/439
f 825/853/440 819/608/440 818/848/440 824/854/440
f 824/854/441 818/848/441 817/849/441 823/855/441
f 823/855/442 817/849/442 815/850/442 821/856/442
f 828/857/443 822/851/443 826/852/443 832/858/443
f 832/858/444 826/852/444 825/599/444 831/859/444
f 831/860/445 825/853/445 824/854/445 830/861/445
f 830/861/446 824/854/446 823/855/446 829/862/446
f 829/862/447 823/855/447 821/856/447 827/863/447
f 834/864/448 828/857/448 832/858/448 838/865/448
f 838/865/449 832/858/449 831/859/449 837/601/449
f 837/866/450 831/860/450 830/861/450 836/867/450
f 836/867/451 830/861/451 829/862/451 835/868/451
f 835/868/452 829/862/452 827/863/452 833/869/452
f 840/870/453 834/864/453 838/865/453 844/871/453
f 844/871/454 838/865/454 837/601/454 843/634/454
f 843/872/455 837/866/455 836/867/455 842/873/455
f 842/873/456 836/867/456 835/868/456 841/874/456
f 841/874/457 835/868/457 833/869/457 839/875/457
f 654/876/458 840/870/458 844/871/458 658/877/458
f 658/877/459 844/871/459 843/634/459 657/635/459
f 657/603/460 843/872/460 842/873/460 656/688/460
f 656/688/461 842/873/461 841/874/461 655/690/461
f 655/690/462 841/874/462 839/875/462 653/692/462
f 659/693/218 653/692/218 839/875/218 833/869/218 827/863/218 821/856/218 815/850/218 809/844/218 803/837/218 797/831/218 791/825/218 785/819/218 779/812/218 773/805/218 767/800/218 761/794/218 755/789/218 749/783/218 743/778/218 737/773/218 731/767/218 725/761/218 719/756/218 713/750/218 707/743/218 701/737/218 695/731/218 689/724/218 683/718/218 677/712/218 671/706/218 665/699/218
f 621/683/463 654/685/463 660/684/463 622/682/463
f 652/651/464 840/870/464 654/876/464 621/652/464
f 622/682/465 660/684/465 666/694/465 623/681/465
f 623/681/466 666/694/466 672/700/466 624/680/466
f 624/680/467 672/700/467 678/707/467 625/679/467
f 625/679/468 678/707/468 684/713/468 626/678/468
f 626/678/469 684/713/469 690/719/469 627/677/469
f 627/677/470 690/719/470 696/725/470 628/676/470
f 628/676/471 696/725/471 702/732/471 629/675/471
f 629/675/472 702/732/472 708/738/472 630/674/472
f 630/674/473 708/738/473 714/744/473 631/673/473
f 631/673/474 714/744/474 720/751/474 632/672/474
f 632/672/475 720/751/475 726/757/475 633/671/475
f 633/671/476 726/757/476 732/762/476 634/670/476
f 634/670/477 732/762/477 738/768/477 635/669/477
f 635/669/478 738/768/478 744/774/478 636/668/478
f 636/668/479 744/774/479 750/779/479 637/667/479
f 637/667/480 750/779/480 756/784/480 638/666/480
f 638/666/481 756/784/481 762/790/481 639/665/481
f 639/665/482 762/790/482 768/795/482 640/664/482
f 640/664/483 768/795/483 774/801/483 641/663/483
f 641/663/484 774/801/484 780/806/484 642/662/484
f 642/662/485 780/806/485 786/813/485 643/661/485
f 643/661/486 786/813/486 792/820/486 644/660/486
f 644/660/487 792/820/487 798/826/487 645/659/487
f 645/659/488 798/826/488 804/832/488 646/658/488
f 646/658/489 804/832/489 810/838/489 647/657/489
f 647/657/490 810/838/490 816/845/490 648/656/490
f 648/656/491 816/845/491 822/851/491 649/655/491
f 649/655/492 822/851/492 828/857/492 650/654/492
f 650/654/493 828/857/493 834/864/493 651/653/493
f 651/653/494 834/864/494 840/870/494 652/651/494
f 845/563/214 846/564/214 847/565/214 848/566/214 849/567/214 850/568/214 851/569/214 852/570/214 853/571/214 854/636/214 855/637/214 856/638/214 857/639/214 858/640/214 859/641/214 860/642/214 861/643/214 862/644/214 863/561/214 864/555/214 865/556/214 866/557/214 867/558/214 868/559/214 869/560/214 870/645/214 871/646/214 872/647/214 873/648/214 874/649/214 875/650/214 876/562/214
f 876/550/271 908/651/271 877/652/271 845/553/271
f 875/548/272 907/653/272 908/651/272 876/550/272
f 874/546/273 906/654/273 907/653/273 875/548/273
f 873/544/274 905/655/274 906/654/274 874/546/274
f 872/542/275 904/656/275 905/655/275 873/544/275
f 871/540/276 903/657/276 904/656/276 872/542/276
f 870/538/277 902/658/277 903/657/277 871/540/277
f 869/536/278 901/659/278 902/658/278 870/538/278
f 868/534/279 900/660/279 901/659/279 869/536/279
f 867/531/280 899/661/280 900/660/280 868/534/280
f 866/529/281 898/662/281 899/661/281 867/531/281
f 865/527/282 897/663/282 898/662/282 866/529/282
f 864/525/283 896/664/283 897/663/283 865/527/283
f 863/522/284 895/665/284 896/664/284 864/525/284
f 862/519/285 894/666/285 895/665/285 863/522/285
f 861/517/286 893/667/286 894/666/286 862/519/286
f 860/515/287 892/668/287 893/667/287 861/517/287
f 859/513/288 891/669/288 892/668/288 860/515/288
f 858/511/289 890/670/289 891/669/289 859/513/289
f 857/509/290 889/671/290 890/670/290 858/511/290
f 856/507/291 888/672/291 889/671/291 857/509/291
f 855/505/292 887/673/292 888/672/292 856/507/292
f 854/503/293 886/674/293 887/673/293 855/505/293
f 853/501/294 885/675/294 886/674/294 854/503/294
f 852/499/295 884/676/295 885/675/295 853/501/295
f 851/497/296 883/677/296 884/676/296 852/499/296
f 850/495/297 882/678/297 883/677/297 851/497/297
f 849/493/298 881/679/298 882/678/298 850/495/298
f 848/491/299 880/680/299 881/679/299 849/493/299
f 847/489/300 879/681/300 880/680/300 848/491/300
f 846/486/301 878/682/301 879/681/301 847/489/301
f 845/485/302 877/683/302 878/682/302 846/486/302
f 916/684/303 910/685/303 914/686/303 920/687/303
f 920/687/304 914/686/304 913/572/304 919/573/304
f 919/602/305 913/603/305 912/688/305 918/689/305
f 918/689/306 912/688/306 911/690/306 917/691/306
f 917/691/307 911/690/307 909/692/307 915/693/307
f 922/694/308 916/684/308 920/687/308 926/695/308
f 926/695/309 920/687/309 919/573/309 925/696/309
f 925/633/310 919/602/310 918/689/310 924/697/310
f 924/697/311 918/689/311 917/691/311 923/698/311
f 923/698/312 917/691/312 915/693/312 921/699/312
f 928/700/495 922/694/495 926/695/495 932/701/495
f 932/701/314 926/695/314 925/696/314 931/702/314
f 931/703/315 925/633/315 924/697/315 930/704/315
f 930/704/496 924/697/496 923/698/496 929/705/496
f 929/705/497 923/698/497 921/699/497 927/706/497
f 934/707/318 928/700/318 932/701/318 938/708/318
f 938/708/498 932/701/498 931/702/498 937/709/498
f 937/631/320 931/703/320 930/704/320 936/710/320
f 936/710/321 930/704/321 929/705/321 935/711/321
f 935/711/499 929/705/499 927/706/499 933/712/499
f 940/713/500 934/707/500 938/708/500 944/714/500
f 944/714/324 938/708/324 937/709/324 943/577/324
f 943/715/325 937/631/325 936/710/325 942/716/325
f 942/716/501 936/710/501 935/711/501 941/717/501
f 941/717/327 935/711/327 933/712/327 939/718/327
f 946/719/328 940/713/328 944/714/328 950/720/328
f 950/720/502 944/714/502 943/577/502 949/721/502
f 949/629/330 943/715/330 942/716/330 948/722/330
f 948/722/331 942/716/331 941/717/331 947/723/331
f 947/723/332 941/717/332 939/718/332 945/724/332
f 952/725/333 946/719/333 950/720/333 956/726/333
f 956/726/334 950/720/334 949/721/334 955/727/334
f 955/728/335 949/629/335 948/722/335 954/729/335
f 954/729/336 948/722/336 947/723/336 953/730/336
f 953/730/337 947/723/337 945/724/337 951/731/337
f 958/732/338 952/725/338 956/726/338 962/733/338
f 962/733/339 956/726/339 955/727/339 961/734/339
f 961/627/340 955/728/340 954/729/340 960/735/340
f 960/735/341 954/729/341 953/730/341 959/736/341
f 959/736/503 953/730/503 951/731/503 957/737/503
f 964/738/343 958/732/343 962/733/343 968/739/343
f 968/739/344 962/733/344 961/734/344 967/581/344
f 967/740/345 961/627/345 960/735/345 966/741/345
f 966/741/504 960/735/504 959/736/504 965/742/504
f 965/742/505 959/736/505 957/737/505 963/743/505
f 970/744/348 964/738/348 968/739/348 974/745/348
f 974/745/349 968/739/349 967/581/349 973/746/349
f 973/747/350 967/740/350 966/741/350 972/748/350
f 972/748/506 966/741/506 965/742/506 971/749/506
f 971/749/352 965/742/352 963/743/352 969/750/352
f 976/751/353 970/744/353 974/745/353 980/752/353
f 980/752/507 974/745/507 973/746/507 979/583/507
f 979/753/355 973/747/355 972/748/355 978/754/355
f 978/754/356 972/748/356 971/749/356 977/755/356
f 977/755/508 971/749/508 969/750/508 975/756/508
f 982/757/358 976/751/358 980/752/358 986/758/358
f 986/758/509 980/752/509 979/583/509 985/48/509
f 985/623/360 979/753/360 978/754/360 984/759/360
f 984/759/361 978/754/361 977/755/361 983/760/361
f 983/760/362 977/755/362 975/756/362 981/761/362
f 988/762/363 982/757/363 986/758/363 992/763/363
f 992/763/510 986/758/510 985/48/510 991/584/510
f 991/764/365 985/623/365 984/759/365 990/765/365
f 990/765/511 984/759/511 983/760/511 989/766/511
f 989/766/512 983/760/512 981/761/512 987/767/512
f 994/768/368 988/762/368 992/763/368 998/769/368
f 998/769/369 992/763/369 991/584/369 997/585/369
f 997/770/370 991/764/370 990/765/370 996/771/370
f 996/771/371 990/765/371 989/766/371 995/772/371
f 995/772/513 989/766/513 987/767/513 993/773/513
f 1000/774/373 994/768/373 998/769/373 1004/775/373
f 1004/775/374 998/769/374 997/585/374 1003/586/374
f 1003/620/375 997/770/375 996/771/375 1002/776/375
f 1002/776/376 996/771/376 995/772/376 1001/777/376
f 1001/777/377 995/772/377 993/773/377 999/778/377
f 1006/779/378 1000/774/378 1004/775/378 1010/780/378
f 1010/780/379 1004/775/379 1003/586/379 1009/587/379
f 1009/619/380 1003/620/380 1002/776/380 1008/781/380
f 1008/781/381 1002/776/381 1001/777/381 1007/782/381
f 1007/782/382 1001/777/382 999/778/382 1005/783/382
f 1012/784/383 1006/779/383 1010/780/383 1016/785/383
f 1016/785/384 1010/780/384 1009/587/384 1015/588/384
f 1015/786/385 1009/619/385 1008/781/385 1014/787/385
f 1014/787/386 1008/781/386 1007/782/386 1013/788/386
f 1013/788/387 1007/782/387 1005/783/387 1011/789/387
f 1018/790/388 1012/784/388 1016/785/388 1022/791/388
f 1022/791/389 1016/785/389 1015/588/389 1021/589/389
f 1021/617/390 1015/786/390 1014/787/390 1020/792/390
f 1020/792/391 1014/787/391 1013/788/391 1019/793/391
f 1019/793/392 1013/788/392 1011/789/392 1017/794/392
f 1024/795/393 1018/790/393 1022/791/393 1028/796/393
f 1028/796/394 1022/791/394 1021/589/394 1027/590/394
f 1027/797/395 1021/617/395 1020/792/395 1026/798/395
f 1026/798/396 1020/792/396 1019/793/396 1025/799/396
f 1025/799/514 1019/793/514 1017/794/514 1023/800/514
f 1030/801/398 1024/795/398 1028/796/398 1034/802/398
f 1034/802/515 1028/796/515 1027/590/515 1033/591/515
f 1033/615/400 1027/797/400 1026/798/400 1032/803/400
f 1032/803/401 1026/798/401 1025/799/401 1031/804/401
f 1031/804/402 1025/799/402 1023/800/402 1029/805/402
f 1036/806/403 1030/801/403 1034/802/403 1040/807/403
f 1040/807/516 1034/802/516 1033/591/516 1039/808/516
f 1039/809/405 1033/615/405 1032/803/405 1038/810/405
f 1038/810/406 1032/803/406 1031/804/406 1037/811/406
f 1037/811/407 1031/804/407 1029/805/407 1035/812/407
f 1042/813/517 1036/806/517 1040/807/517 1046/814/517
f 1046/814/518 1040/807/518 1039/808/518 1045/815/518
f 1045/816/410 1039/809/410 1038/810/410 1044/817/410
f 1044/817/519 1038/810/519 1037/811/519 1043/818/519
f 1043/818/412 1037/811/412 1035/812/412 1041/819/412
f 1048/820/413 1042/813/413 1046/814/413 1052/821/413
f 1052/821/414 1046/814/414 1045/815/414 1051/822/414
f 1051/612/415 1045/816/415 1044/817/415 1050/823/415
f 1050/823/416 1044/817/416 1043/818/416 1049/824/416
f 1049/824/417 1043/818/417 1041/819/417 1047/825/417
f 1054/826/418 1048/820/418 1052/821/418 1058/827/418
f 1058/827/419 1052/821/419 1051/822/419 1057/595/419
f 1057/828/420 1051/612/420 1050/823/420 1056/829/420
f 1056/829/520 1050/823/520 1049/824/520 1055/830/520
f 1055/830/521 1049/824/521 1047/825/521 1053/831/521
f 1060/832/423 1054/826/423 1058/827/423 1064/833/423
f 1064/833/424 1058/827/424 1057/595/424 1063/596/424
f 1063/834/425 1057/828/425 1056/829/425 1062/835/425
f 1062/835/522 1056/829/522 1055/830/522 1061/836/522
f 1061/836/523 1055/830/523 1053/831/523 1059/837/523
f 1066/838/428 1060/832/428 1064/833/428 1070/839/428
f 1070/839/429 1064/833/429 1063/596/429 1069/840/429
f 1069/841/430 1063/834/430 1062/835/430 1068/842/430
f 1068/842/431 1062/835/431 1061/836/431 1067/843/431
f 1067/843/432 1061/836/432 1059/837/432 1065/844/432
f 1072/845/524 1066/838/524 1070/839/524 1076/846/524
f 1076/846/525 1070/839/525 1069/840/525 1075/847/525
f 1075/608/435 1069/841/435 1068/842/435 1074/848/435
f 1074/848/526 1068/842/526 1067/843/526 1073/849/526
f 1073/849/437 1067/843/437 1065/844/437 1071/850/437
f 1078/851/438 1072/845/438 1076/846/438 1082/852/438
f 1082/852/527 1076/846/527 1075/847/527 1081/599/527
f 1081/853/440 1075/608/440 1074/848/440 1080/854/440
f 1080/854/441 1074/848/441 1073/849/441 1079/855/441
f 1079/855/442 1073/849/442 1071/850/442 1077/856/442
f 1084/857/443 1078/851/443 1082/852/443 1088/858/443
f 1088/858/444 1082/852/444 1081/599/444 1087/859/444
f 1087/860/445 1081/853/445 1080/854/445 1086/861/445
f 1086/861/528 1080/854/528 1079/855/528 1085/862/528
f 1085/862/447 1079/855/447 1077/856/447 1083/863/447
f 1090/864/529 1084/857/529 1088/858/529 1094/865/529
f 1094/865/449 1088/858/449 1087/859/449 1093/601/449
f 1093/866/450 1087/860/450 1086/861/450 1092/867/450
f 1092/867/451 1086/861/451 1085/862/451 1091/868/451
f 1091/868/530 1085/862/530 1083/863/530 1089/869/530
f 1096/870/453 1090/864/453 1094/865/453 1100/871/453
f 1100/871/454 1094/865/454 1093/601/454 1099/634/454
f 1099/872/455 1093/866/455 1092/867/455 1098/873/455
f 1098/873/456 1092/867/456 1091/868/456 1097/874/456
f 1097/874/457 1091/868/457 1089/869/457 1095/875/457
f 910/876/458 1096/870/458 1100/871/458 914/877/458
f 914/877/459 1100/871/459 1099/634/459 913/635/459
f 913/603/460 1099/872/460 1098/873/460 912/688/460
f 912/688/461 1098/873/461 1097/874/461 911/690/461
f 911/690/531 1097/874/531 1095/875/531 909/692/531
f 915/693/218 909/692/218 1095/875/218 1089/869/218 1083/863/218 1077/856/218 1071/850/218 1065/844/218 1059/837/218 1053/831/218 1047/825/218 1041/819/218 1035/812/218 1029/805/218 1023/800/218 1017/794/218 1011/789/218 1005/783/218 999/778/218 993/773/218 987/767/218 981/761/218 975/756/218 969/750/218 963/743/218 957/737/218 951/731/218 945/724/218 939/718/218 933/712/218 927/706/218 921/699/218
f 877/683/463 910/685/463 916/684/463 878/682/463
f 908/651/464 1096/870/464 910/876/464 877/652/464
f 878/682/465 916/684/465 922/694/465 879/681/465
f 879/681/466 922/694/466 928/700/466 880/680/466
f 880/680/467 928/700/467 934/707/467 881/679/467
f 881/679/468 934/707/468 940/713/468 882/678/468
f 882/678/469 940/713/469 946/719/469 883/677/469
f 883/677/470 946/719/470 952/725/470 884/676/470
f 884/676/471 952/725/471 958/732/471 885/675/471
f 885/675/472 958/732/472 964/738/472 886/674/472
f 886/674/473 964/738/473 970/744/473 887/673/473
f 887/673/474 970/744/474 976/751/474 888/672/474
f 888/672/475 976/751/475 982/757/475 889/671/475
f 889/671/476 982/757/476 988/762/476 890/670/476
f 890/670/477 988/762/477 994/768/477 891/669/477
f 891/669/478 994/768/478 1000/774/478 892/668/478
f 892/668/479 1000/774/479 1006/779/479 893/667/479
f 893/667/480 1006/779/480 1012/784/480 894/666/480
f 894/666/481 1012/784/481 1018/790/481 895/665/481
f 895/665/482 1018/790/482 1024/795/482 896/664/482
f 896/664/483 1024/795/483 1030/801/483 897/663/483
f 897/663/484 1030/801/484 1036/806/484 898/662/484
f 898/662/485 1036/806/485 1042/813/485 899/661/485
f 899/661/486 1042/813/486 1048/820/486 900/660/486
f 900/660/487 1048/820/487 1054/826/487 901/659/487
f 901/659/488 1054/826/488 1060/832/488 902/658/488
f 902/658/489 1060/832/489 1066/838/489 903/657/489
f 903/657/490 1066/838/490 1072/845/490 904/656/490
f 904/656/491 1072/845/491 1078/851/491 905/655/491
f 905/655/492 1078/851/492 1084/857/492 906/654/492
f 906/654/493 1084/857/493 1090/864/493 907/653/493
f 907/653/494 1090/864/494 1096/870/494 908/651/494
f 1117/878/213 1118/879/213 1104/663/213 1101/655/213
f 1117/880/532 1120/881/532 1108/882/532 1102/883/532
f 1104/663/533 1106/671/533 1103/48/533 1101/591/533
f 1118/879/534 1119/884/534 1106/671/534 1104/663/534
f 1119/884/216 1120/885/216 1103/679/216 1106/671/216
f 1102/883/535 1108/882/535 1107/509/535 1105/527/535
f 1121/880/536 1122/881/536 1112/882/536 1111/883/536
f 1111/883/537 1112/882/537 1116/509/537 1115/527/537
f 1123/886/538 1124/884/538 1114/671/538 1113/663/538
f 1113/663/539 1114/671/539 1110/48/539 1109/591/539
f 1121/878/540 1123/886/540 1113/663/540 1109/655/540
f 1124/884/541 1122/887/541 1110/679/541 1114/671/541
f 1107/509/542 1108/493/542 1120/885/542 1119/884/542
f 1105/527/543 1107/509/543 1119/884/543 1118/879/543
f 1101/27/544 1103/888/544 1120/881/544 1117/880/544
f 1102/544/545 1105/527/545 1118/879/545 1117/878/545
f 1116/509/216 1112/493/216 1122/887/216 1124/884/216
f 1111/544/213 1115/527/213 1123/886/213 1121/878/213
f 1115/527/546 1116/509/546 1124/884/546 1123/886/546
f 1109/27/547 1110/888/547 1122/881/547 1121/880/547
o Cylinder.001
v -0.025068 0.389213 0.181000
v -0.025068 0.389213 0.197262
v -0.024586 0.477811 0.181000
v -0.024586 0.477811 0.197262
v -0.023160 0.482513 0.181000
v -0.023160 0.482513 0.197262
v -0.020843 0.486847 0.181000
v -0.020843 0.486847 0.197262
v -0.017726 0.490646 0.181000
v -0.017726 0.490646 0.197262
v -0.013927 0.493763 0.181000
v -0.013927 0.493763 0.197262
v -0.009593 0.496080 0.181000
v -0.009593 0.496080 0.197262
v -0.004891 0.497506 0.181000
v -0.004891 0.497506 0.197262
v -0.000000 0.497988 0.181000
v -0.000000 0.497988 0.197262
v 0.004890 0.497506 0.181000
v 0.004890 0.497506 0.197262
v 0.009593 0.496080 0.181000
v 0.009593 0.496080 0.197262
v 0.013926 0.493763 0.181000
v 0.013926 0.493763 0.197262
v 0.017725 0.490646 0.181000
v 0.017725 0.490646 0.197262
v 0.020842 0.486847 0.181000
v 0.020842 0.486847 0.197262
v 0.023159 0.482513 0.181000
v 0.023159 0.482513 0.197262
v 0.024585 0.477811 0.181000
v 0.024585 0.477811 0.197262
v 0.025067 0.389213 0.181000
v 0.025067 0.389213 0.197262
v 0.024585 0.384323 0.181000
v 0.024585 0.384323 0.197262
v 0.023159 0.379620 0.181000
v 0.023159 0.379620 0.197262
v 0.020842 0.375286 0.181000
v 0.020842 0.375286 0.197262
v 0.017725 0.371488 0.181000
v 0.017725 0.371488 0.197262
v 0.013926 0.368370 0.181000
v 0.013926 0.368370 0.197262
v 0.009593 0.366054 0.181000
v 0.009593 0.366054 0.197262
v 0.004890 0.364627 0.181000
v 0.004890 0.364627 0.197262
v -0.000000 0.364146 0.181000
v -0.000000 0.364146 0.197262
v -0.004891 0.364627 0.181000
v -0.004891 0.364627 0.197262
v -0.009593 0.366054 0.181000
v -0.009593 0.366054 0.197262
v -0.013927 0.368370 0.181000
v -0.013927 0.368370 0.197262
v -0.017726 0.371488 0.181000
v -0.017726 0.371488 0.197262
v -0.020843 0.375286 0.181000
v -0.020843 0.375286 0.197262
v -0.023160 0.379620 0.181000
v -0.023160 0.379620 0.197262
v -0.024586 0.384323 0.181000
v -0.024586 0.384323 0.197262
v 0.000736 0.463057 0.197262
v 0.002805 0.463057 0.197262
v 0.002805 0.474864 0.197262
v 0.013060 0.463057 0.197262
v 0.014949 0.463057 0.197262
v 0.014949 0.478395 0.197262
v 0.012880 0.478395 0.197262
v 0.012880 0.466521 0.197262
v 0.002490 0.478395 0.197262
v 0.000736 0.478395 0.197262
v -0.010194 0.476573 0.197262
v -0.009353 0.476523 0.197262
v -0.008556 0.476375 0.197262
v -0.007808 0.476134 0.197262
v -0.007113 0.475807 0.197262
v -0.006480 0.475399 0.197262
v -0.005912 0.474915 0.197262
v -0.005416 0.474360 0.197262
v -0.004998 0.473741 0.197262
v -0.004663 0.473063 0.197262
v -0.004415 0.472331 0.197262
v -0.004263 0.471550 0.197262
v -0.004212 0.470726 0.197262
v -0.004263 0.469907 0.197262
v -0.004415 0.469129 0.197262
v -0.004663 0.468399 0.197262
v -0.004998 0.467721 0.197262
v -0.005416 0.467101 0.197262
v -0.005912 0.466546 0.197262
v -0.006480 0.466060 0.197262
v -0.007113 0.465650 0.197262
v -0.007808 0.465321 0.197262
v -0.008556 0.465079 0.197262
v -0.009353 0.464930 0.197262
v -0.010194 0.464879 0.197262
v -0.011029 0.464930 0.197262
v -0.011823 0.465079 0.197262
v -0.012567 0.465321 0.197262
v -0.013258 0.465650 0.197262
v -0.013889 0.466060 0.197262
v -0.014456 0.466546 0.197262
v -0.014951 0.467101 0.197262
v -0.015368 0.467721 0.197262
v -0.015703 0.468399 0.197262
v -0.015950 0.469129 0.197262
v -0.016102 0.469907 0.197262
v -0.016153 0.470726 0.197262
v -0.016102 0.471550 0.197262
v -0.015950 0.472331 0.197262
v -0.015703 0.473063 0.197262
v -0.015368 0.473741 0.197262
v -0.014951 0.474360 0.197262
v -0.014456 0.474915 0.197262
v -0.013889 0.475399 0.197262
v -0.013258 0.475807 0.197262
v -0.012567 0.476134 0.197262
v -0.011823 0.476375 0.197262
v -0.011029 0.476523 0.197262
v -0.011400 0.478524 0.197262
v -0.012529 0.478310 0.197262
v -0.013577 0.477965 0.197262
v -0.014536 0.477501 0.197262
v -0.015404 0.476928 0.197262
v -0.016173 0.476256 0.197262
v -0.016839 0.475495 0.197262
v -0.017395 0.474656 0.197262
v -0.017838 0.473749 0.197262
v -0.018160 0.472785 0.197262
v -0.018358 0.471774 0.197262
v -0.018425 0.470726 0.197262
v -0.018360 0.469697 0.197262
v -0.018167 0.468698 0.197262
v -0.017851 0.467741 0.197262
v -0.017417 0.466836 0.197262
v -0.016870 0.465996 0.197262
v -0.016212 0.465230 0.197262
v -0.015451 0.464552 0.197262
v -0.014590 0.463971 0.197262
v -0.013633 0.463500 0.197262
v -0.012587 0.463149 0.197262
v -0.011453 0.462930 0.197262
v -0.010239 0.462855 0.197262
v -0.008985 0.462931 0.197262
v -0.007820 0.463151 0.197262
v -0.006751 0.463503 0.197262
v -0.005778 0.463976 0.197262
v -0.004908 0.464559 0.197262
v -0.004141 0.465239 0.197262
v -0.003483 0.466005 0.197262
v -0.002938 0.466846 0.197262
v -0.002507 0.467751 0.197262
v -0.002194 0.468706 0.197262
v -0.002005 0.469702 0.197262
v -0.001941 0.470726 0.197262
v -0.002006 0.471779 0.197262
v -0.002200 0.472793 0.197262
v -0.002518 0.473759 0.197262
v -0.002955 0.474666 0.197262
v -0.003508 0.475504 0.197262
v -0.004169 0.476264 0.197262
v -0.004937 0.476935 0.197262
v -0.005805 0.477506 0.197262
v -0.006769 0.477968 0.197262
v -0.007825 0.478311 0.197262
v -0.008969 0.478524 0.197262
v -0.010194 0.478597 0.197262
v 0.015061 0.402147 0.197262
v 0.007811 0.402147 0.197262
v 0.007811 0.388564 0.197262
v 0.009763 0.388564 0.197262
v 0.009763 0.394877 0.197262
v 0.015061 0.394877 0.197262
v 0.015061 0.396630 0.197262
v 0.009763 0.396630 0.197262
v 0.009763 0.400394 0.197262
v 0.015061 0.400394 0.197262
v 0.005719 0.402147 0.197262
v -0.001531 0.402147 0.197262
v -0.001531 0.388564 0.197262
v 0.000421 0.388564 0.197262
v 0.000421 0.394877 0.197262
v 0.005719 0.394877 0.197262
v 0.005719 0.396630 0.197262
v 0.000421 0.396630 0.197262
v 0.000421 0.400394 0.197262
v 0.005719 0.400394 0.197262
v -0.011250 0.400534 0.197262
v -0.010506 0.400489 0.197262
v -0.009800 0.400358 0.197262
v -0.009137 0.400145 0.197262
v -0.008522 0.399855 0.197262
v -0.007962 0.399494 0.197262
v -0.007459 0.399065 0.197262
v -0.007020 0.398574 0.197262
v -0.006649 0.398026 0.197262
v -0.006352 0.397425 0.197262
v -0.006133 0.396776 0.197262
v -0.005999 0.396085 0.197262
v -0.005953 0.395355 0.197262
v -0.005999 0.394630 0.197262
v -0.006133 0.393941 0.197262
v -0.006352 0.393294 0.197262
v -0.006649 0.392694 0.197262
v -0.007020 0.392145 0.197262
v -0.007459 0.391653 0.197262
v -0.007962 0.391223 0.197262
v -0.008522 0.390860 0.197262
v -0.009137 0.390568 0.197262
v -0.009800 0.390354 0.197262
v -0.010506 0.390222 0.197262
v -0.011250 0.390177 0.197262
v -0.011990 0.390222 0.197262
v -0.012693 0.390354 0.197262
v -0.013352 0.390568 0.197262
v -0.013965 0.390860 0.197262
v -0.014524 0.391223 0.197262
v -0.015025 0.391653 0.197262
v -0.015463 0.392145 0.197262
v -0.015833 0.392694 0.197262
v -0.016130 0.393294 0.197262
v -0.016348 0.393941 0.197262
v -0.016483 0.394630 0.197262
v -0.016528 0.395355 0.197262
v -0.016483 0.396085 0.197262
v -0.016348 0.396776 0.197262
v -0.016130 0.397425 0.197262
v -0.015833 0.398026 0.197262
v -0.015463 0.398574 0.197262
v -0.015025 0.399065 0.197262
v -0.014524 0.399494 0.197262
v -0.013965 0.399855 0.197262
v -0.013352 0.400145 0.197262
v -0.012693 0.400358 0.197262
v -0.011990 0.400489 0.197262
v -0.012319 0.402261 0.197262
v -0.013319 0.402072 0.197262
v -0.014247 0.401767 0.197262
v -0.015097 0.401356 0.197262
v -0.015865 0.400848 0.197262
v -0.016546 0.400253 0.197262
v -0.017136 0.399579 0.197262
v -0.017629 0.398836 0.197262
v -0.018021 0.398033 0.197262
v -0.018307 0.397179 0.197262
v -0.018481 0.396283 0.197262
v -0.018540 0.395355 0.197262
v -0.018483 0.394444 0.197262
v -0.018312 0.393560 0.197262
v -0.018032 0.392712 0.197262
v -0.017648 0.391910 0.197262
v -0.017163 0.391166 0.197262
v -0.016581 0.390488 0.197262
v -0.015907 0.389887 0.197262
v -0.015145 0.389373 0.197262
v -0.014297 0.388955 0.197262
v -0.013369 0.388645 0.197262
v -0.012366 0.388451 0.197262
v -0.011290 0.388384 0.197262
v -0.010180 0.388451 0.197262
v -0.009148 0.388646 0.197262
v -0.008201 0.388958 0.197262
v -0.007340 0.389377 0.197262
v -0.006569 0.389893 0.197262
v -0.005891 0.390495 0.197262
v -0.005308 0.391174 0.197262
v -0.004824 0.391919 0.197262
v -0.004442 0.392720 0.197262
v -0.004166 0.393566 0.197262
v -0.003998 0.394448 0.197262
v -0.003941 0.395355 0.197262
v -0.003999 0.396288 0.197262
v -0.004171 0.397186 0.197262
v -0.004452 0.398041 0.197262
v -0.004841 0.398844 0.197262
v -0.005329 0.399587 0.197262
v -0.005915 0.400260 0.197262
v -0.006594 0.400854 0.197262
v -0.007364 0.401360 0.197262
v -0.008218 0.401769 0.197262
v -0.009154 0.402073 0.197262
v -0.010165 0.402261 0.197262
v -0.011250 0.402326 0.197262
vn -1.0000 0.0054 -0.0000
vn -0.9569 0.2903 -0.0000
vn -0.8819 0.4714 -0.0000
vn -0.7730 0.6344 -0.0000
vn -0.6344 0.7730 -0.0000
vn -0.4714 0.8819 -0.0000
vn -0.2903 0.9569 -0.0000
vn -0.0980 0.9952 -0.0000
vn 0.0980 0.9952 -0.0000
vn 0.2903 0.9569 -0.0000
vn 0.4714 0.8819 -0.0000
vn 0.6344 0.7730 -0.0000
vn 0.7730 0.6344 -0.0000
vn 0.8819 0.4714 -0.0000
vn 0.9569 0.2903 -0.0000
vn 1.0000 0.0054 -0.0000
vn 0.9952 -0.0980 -0.0000
vn 0.9569 -0.2903 -0.0000
vn 0.8819 -0.4714 -0.0000
vn 0.7730 -0.6344 -0.0000
vn 0.6344 -0.7730 -0.0000
vn 0.4714 -0.8819 -0.0000
vn 0.2903 -0.9569 -0.0000
vn 0.0980 -0.9952 -0.0000
vn -0.0980 -0.9952 -0.0000
vn -0.2903 -0.9569 -0.0000
vn -0.4714 -0.8819 -0.0000
vn -0.6344 -0.7730 -0.0000
vn -0.7730 -0.6344 -0.0000
vn -0.8819 -0.4714 -0.0000
vn -0.0000 -0.0000 1.0000
vn -0.9569 -0.2903 -0.0000
vn -0.9952 -0.0980 -0.0000
vn -0.0000 -0.0000 -1.0000
vt 1.000000 0.500000
vt 1.000000 1.000000
vt 0.968750 1.000000
vt 0.968750 0.500000
vt 0.937500 1.000000
vt 0.937500 0.500000
vt 0.906250 1.000000
vt 0.906250 0.500000
vt 0.875000 1.000000
vt 0.875000 0.500000
vt 0.843750 1.000000
vt 0.843750 0.500000
vt 0.812500 1.000000
vt 0.812500 0.500000
vt 0.781250 1.000000
vt 0.781250 0.500000
vt 0.750000 1.000000
vt 0.750000 0.500000
vt 0.718750 1.000000
vt 0.718750 0.500000
vt 0.687500 1.000000
vt 0.687500 0.500000
vt 0.656250 1.000000
vt 0.656250 0.500000
vt 0.625000 1.000000
vt 0.625000 0.500000
vt 0.593750 1.000000
vt 0.593750 0.500000
vt 0.562500 1.000000
vt 0.562500 0.500000
vt 0.531250 1.000000
vt 0.531250 0.500000
vt 0.500000 1.000000
vt 0.500000 0.500000
vt 0.468750 1.000000
vt 0.468750 0.500000
vt 0.437500 1.000000
vt 0.437500 0.500000
vt 0.406250 1.000000
vt 0.406250 0.500000
vt 0.375000 1.000000
vt 0.375000 0.500000
vt 0.343750 1.000000
vt 0.343750 0.500000
vt 0.312500 1.000000
vt 0.312500 0.500000
vt 0.281250 1.000000
vt 0.281250 0.500000
vt 0.250000 1.000000
vt 0.250000 0.500000
vt 0.218750 1.000000
vt 0.218750 0.500000
vt 0.187500 1.000000
vt 0.187500 0.500000
vt 0.156250 1.000000
vt 0.156250 0.500000
vt 0.125000 1.000000
vt 0.125000 0.500000
vt 0.093750 1.000000
vt 0.093750 0.500000
vt 0.062500 1.000000
vt 0.062500 0.500000
vt 0.296822 0.485388
vt 0.250000 0.490000
vt 0.203178 0.485388
vt 0.158156 0.471731
vt 0.116663 0.449553
vt 0.080294 0.419706
vt 0.050447 0.383337
vt 0.176730 0.358093
vt 0.180078 0.368392
vt 0.184153 0.377998
vt 0.188834 0.386882
vt 0.193967 0.394995
vt 0.199382 0.402295
vt 0.204880 0.408746
vt 0.210252 0.414316
vt 0.215279 0.418959
vt 0.219783 0.422639
vt 0.223646 0.425319
vt 0.226818 0.426953
vt 0.229318 0.427506
vt 0.231203 0.426939
vt 0.232481 0.425268
vt 0.233252 0.422529
vt 0.233602 0.418781
vt 0.233591 0.414060
vt 0.233262 0.408413
vt 0.232651 0.401893
vt 0.231778 0.394543
vt 0.230655 0.386398
vt 0.229289 0.377514
vt 0.227681 0.367940
vt 0.225822 0.357710
vt 0.313077 0.348023
vt 0.311537 0.359651
vt 0.310237 0.370503
vt 0.309168 0.380524
vt 0.308321 0.389687
vt 0.307696 0.397927
vt 0.307299 0.405218
vt 0.307145 0.411509
vt 0.307259 0.416750
vt 0.307677 0.420909
vt 0.308457 0.423927
vt 0.309668 0.425776
vt 0.311416 0.426397
vt 0.313825 0.425762
vt 0.316920 0.423868
vt 0.320752 0.420777
vt 0.325305 0.416545
vt 0.330468 0.411213
vt 0.336039 0.404840
vt 0.341765 0.397480
vt 0.347396 0.389171
vt 0.352696 0.379981
vt 0.357472 0.369951
vt 0.361554 0.359145
vt 0.364812 0.347599
vt 0.449553 0.383337
vt 0.419706 0.419706
vt 0.383337 0.449553
vt 0.341844 0.471731
vt 0.031250 1.000000
vt 0.031250 0.500000
vt 0.000000 1.000000
vt 0.000000 0.500000
vt 0.750000 0.490000
vt 0.796822 0.485388
vt 0.841844 0.471731
vt 0.883337 0.449553
vt 0.919706 0.419706
vt 0.949553 0.383337
vt 0.971731 0.341844
vt 0.985388 0.296822
vt 0.990000 0.250000
vt 0.985388 0.203178
vt 0.971731 0.158156
vt 0.949553 0.116663
vt 0.919706 0.080294
vt 0.883337 0.050447
vt 0.841844 0.028269
vt 0.796822 0.014612
vt 0.750000 0.010000
vt 0.703178 0.014612
vt 0.658156 0.028269
vt 0.616663 0.050447
vt 0.580294 0.080294
vt 0.550447 0.116663
vt 0.528269 0.158156
vt 0.514612 0.203178
vt 0.510000 0.250000
vt 0.514612 0.296822
vt 0.528269 0.341844
vt 0.550447 0.383337
vt 0.580294 0.419706
vt 0.616663 0.449553
vt 0.658156 0.471731
vt 0.703178 0.485388
vt 0.367045 0.335866
vt 0.368122 0.324918
vt 0.368177 0.314806
vt 0.367340 0.305575
vt 0.365743 0.297266
vt 0.363513 0.289916
vt 0.360771 0.283584
vt 0.357637 0.278293
vt 0.354217 0.274106
vt 0.350611 0.271061
vt 0.346902 0.269207
vt 0.343164 0.268577
vt 0.339638 0.269189
vt 0.336309 0.271001
vt 0.333189 0.273996
vt 0.330280 0.278123
vt 0.327575 0.283346
vt 0.325064 0.289646
vt 0.215052 0.264654
vt 0.217630 0.195238
vt 0.212654 0.195238
vt 0.209689 0.245968
vt 0.197184 0.245968
vt 0.200539 0.195238
vt 0.194152 0.195238
vt 0.190657 0.245968
vt 0.163061 0.245968
vt 0.014612 0.203178
vt 0.028269 0.158156
vt 0.169921 0.175214
vt 0.220006 0.175214
vt 0.233260 0.105803
vt 0.309303 0.124960
vt 0.358547 0.223139
vt 0.320092 0.223138
vt 0.320606 0.242952
vt 0.375040 0.242952
vt 0.485388 0.203178
vt 0.490000 0.250000
vt 0.485388 0.296822
vt 0.471731 0.341844
vt 0.374439 0.226156
vt 0.316715 0.126682
vt 0.356867 0.126682
vt 0.350205 0.106872
vt 0.306107 0.106872
vt 0.419706 0.080294
vt 0.449553 0.116663
vt 0.471731 0.158156
vt 0.229691 0.105803
vt 0.218295 0.156528
vt 0.207016 0.156528
vt 0.220567 0.105803
vt 0.215407 0.105803
vt 0.200945 0.156528
vt 0.173871 0.156528
vt 0.050447 0.116663
vt 0.080294 0.080294
vt 0.116663 0.050447
vt 0.158156 0.028269
vt 0.203178 0.014612
vt 0.250000 0.010000
vt 0.296822 0.014612
vt 0.341844 0.028269
vt 0.383337 0.050447
vt 0.163302 0.264654
vt 0.322733 0.296987
vt 0.320565 0.305319
vt 0.318539 0.314628
vt 0.316634 0.324868
vt 0.314823 0.336017
vt 0.223788 0.347323
vt 0.221710 0.337636
vt 0.219559 0.328674
vt 0.217316 0.320502
vt 0.214955 0.313134
vt 0.212464 0.306632
vt 0.209823 0.301022
vt 0.207021 0.296342
vt 0.204049 0.292626
vt 0.200905 0.289932
vt 0.197589 0.288289
vt 0.194113 0.287727
vt 0.190694 0.288270
vt 0.187344 0.289882
vt 0.184128 0.292525
vt 0.181121 0.296187
vt 0.178409 0.300816
vt 0.176091 0.306395
vt 0.174269 0.312887
vt 0.173057 0.320273
vt 0.172570 0.328514
vt 0.172934 0.337585
vt 0.174278 0.347460
vt 0.028269 0.341844
vt 0.014612 0.296822
vt 0.010000 0.250000
vt 0.221428 0.357709
vt 0.219886 0.350588
vt 0.218259 0.343822
vt 0.216543 0.337476
vt 0.214731 0.331591
vt 0.212817 0.326222
vt 0.210796 0.321410
vt 0.208662 0.317206
vt 0.206412 0.313654
vt 0.204042 0.310814
vt 0.201553 0.308719
vt 0.198948 0.307431
vt 0.196233 0.306988
vt 0.193564 0.307431
vt 0.191068 0.308719
vt 0.188784 0.310814
vt 0.186752 0.313654
vt 0.185019 0.317206
vt 0.183629 0.321410
vt 0.182633 0.326222
vt 0.182081 0.331591
vt 0.182022 0.337476
vt 0.182506 0.343821
vt 0.183578 0.350587
vt 0.185278 0.357709
vt 0.222817 0.364795
vt 0.224002 0.371520
vt 0.224982 0.377834
vt 0.225755 0.383700
vt 0.226308 0.389051
vt 0.226628 0.393849
vt 0.226692 0.398045
vt 0.226472 0.401587
vt 0.225932 0.404432
vt 0.225021 0.406514
vt 0.223691 0.407806
vt 0.221869 0.408244
vt 0.219607 0.407806
vt 0.216973 0.406514
vt 0.214002 0.404432
vt 0.210741 0.401587
vt 0.207273 0.398045
vt 0.203688 0.393849
vt 0.200088 0.389051
vt 0.196579 0.383700
vt 0.193254 0.377834
vt 0.190213 0.371519
vt 0.187531 0.364795
vt 0.355459 0.347599
vt 0.357052 0.339546
vt 0.357969 0.331913
vt 0.358256 0.324749
vt 0.357970 0.318102
vt 0.357163 0.312035
vt 0.355896 0.306602
vt 0.354227 0.301854
vt 0.352214 0.297850
vt 0.349916 0.294641
vt 0.347386 0.292272
vt 0.344671 0.290815
vt 0.341814 0.290322
vt 0.338994 0.290815
vt 0.336328 0.292271
vt 0.333822 0.294641
vt 0.331474 0.297850
vt 0.329280 0.301854
vt 0.327232 0.306602
vt 0.325325 0.312035
vt 0.323550 0.318102
vt 0.321898 0.324749
vt 0.320363 0.331912
vt 0.318935 0.339546
vt 0.317607 0.347599
vt 0.353266 0.355593
vt 0.350592 0.363190
vt 0.347518 0.370316
vt 0.344132 0.376932
vt 0.340541 0.382976
vt 0.336852 0.388400
vt 0.333187 0.393138
vt 0.329660 0.397133
vt 0.326367 0.400338
vt 0.323381 0.402703
vt 0.320754 0.404159
vt 0.318504 0.404652
vt 0.316711 0.404159
vt 0.315385 0.402703
vt 0.314455 0.400338
vt 0.313860 0.397133
vt 0.313555 0.393138
vt 0.313507 0.388399
vt 0.313690 0.382976
vt 0.314083 0.376931
vt 0.314675 0.370316
vt 0.315459 0.363189
vt 0.316436 0.355593
s 0
usemtl Material.001
f 1125/889/548 1126/890/548 1128/891/548 1127/892/548
f 1127/892/549 1128/891/549 1130/893/549 1129/894/549
f 1129/894/550 1130/893/550 1132/895/550 1131/896/550
f 1131/896/551 1132/895/551 1134/897/551 1133/898/551
f 1133/898/552 1134/897/552 1136/899/552 1135/900/552
f 1135/900/553 1136/899/553 1138/901/553 1137/902/553
f 1137/902/554 1138/901/554 1140/903/554 1139/904/554
f 1139/904/555 1140/903/555 1142/905/555 1141/906/555
f 1141/906/556 1142/905/556 1144/907/556 1143/908/556
f 1143/908/557 1144/907/557 1146/909/557 1145/910/557
f 1145/910/558 1146/909/558 1148/911/558 1147/912/558
f 1147/912/559 1148/911/559 1150/913/559 1149/914/559
f 1149/914/560 1150/913/560 1152/915/560 1151/916/560
f 1151/916/561 1152/915/561 1154/917/561 1153/918/561
f 1153/918/562 1154/917/562 1156/919/562 1155/920/562
f 1155/920/563 1156/919/563 1158/921/563 1157/922/563
f 1157/922/564 1158/921/564 1160/923/564 1159/924/564
f 1159/924/565 1160/923/565 1162/925/565 1161/926/565
f 1161/926/566 1162/925/566 1164/927/566 1163/928/566
f 1163/928/567 1164/927/567 1166/929/567 1165/930/567
f 1165/930/568 1166/929/568 1168/931/568 1167/932/568
f 1167/932/569 1168/931/569 1170/933/569 1169/934/569
f 1169/934/570 1170/933/570 1172/935/570 1171/936/570
f 1171/936/571 1172/935/571 1174/937/571 1173/938/571
f 1173/938/572 1174/937/572 1176/939/572 1175/940/572
f 1175/940/573 1176/939/573 1178/941/573 1177/942/573
f 1177/942/574 1178/941/574 1180/943/574 1179/944/574
f 1179/944/575 1180/943/575 1182/945/575 1181/946/575
f 1181/946/576 1182/945/576 1184/947/576 1183/948/576
f 1183/948/577 1184/947/577 1186/949/577 1185/950/577
f 1128/951/578 1126/952/578 1188/953/578 1186/954/578 1184/955/578 1182/956/578 1180/957/578 1386/958/578 1385/959/578 1384/960/578 1383/961/578 1382/962/578 1381/963/578 1380/964/578 1379/965/578 1378/966/578 1377/967/578 1376/968/578 1375/969/578 1374/970/578 1373/971/578 1372/972/578 1371/973/578 1370/974/578 1369/975/578 1368/976/578 1367/977/578 1366/978/578 1365/979/578 1364/980/578 1363/981/578 1410/982/578 1270/983/578 1269/984/578 1268/985/578 1267/986/578 1266/987/578 1265/988/578 1264/989/578 1263/990/578 1262/991/578 1261/992/578 1260/993/578 1259/994/578 1258/995/578 1257/996/578 1256/997/578 1255/998/578 1254/999/578 1253/1000/578 1252/1001/578 1251/1002/578 1250/1003/578 1249/1004/578 1248/1005/578 1247/1006/578 1294/1007/578 1136/1008/578 1134/1009/578 1132/1010/578 1130/1011/578
f 1185/950/579 1186/949/579 1188/1012/579 1187/1013/579
f 1187/1013/580 1188/1012/580 1126/1014/580 1125/1015/580
f 1125/1016/581 1127/1017/581 1129/1018/581 1131/1019/581 1133/1020/581 1135/1021/581 1137/1022/581 1139/1023/581 1141/1024/581 1143/1025/581 1145/1026/581 1147/1027/581 1149/1028/581 1151/1029/581 1153/1030/581 1155/1031/581 1157/1032/581 1159/1033/581 1161/1034/581 1163/1035/581 1165/1036/581 1167/1037/581 1169/1038/581 1171/1039/581 1173/1040/581 1175/1041/581 1177/1042/581 1179/1043/581 1181/1044/581 1183/1045/581 1185/1046/581 1187/1047/581
f 1136/1008/578 1294/1007/578 1293/1048/578 1292/1049/578 1291/1050/578 1290/1051/578 1289/1052/578 1288/1053/578 1287/1054/578 1286/1055/578 1285/1056/578 1284/1057/578 1283/1058/578 1282/1059/578 1281/1060/578 1280/1061/578 1279/1062/578 1278/1063/578 1277/1064/578 1276/1065/578 1306/1066/578 1305/1067/578 1314/1068/578 1313/1069/578 1312/1070/578 1311/1071/578 1310/1072/578 1309/1073/578 1308/1074/578 1172/1075/578 1170/1076/578 1297/1077/578 1296/1078/578 1295/1079/578 1192/1080/578 1191/1081/578 1190/1082/578 1189/1083/578 1198/1084/578 1144/1085/578 1142/1086/578 1140/1087/578 1138/1088/578
f 1144/1085/578 1198/1084/578 1197/1089/578 1196/1090/578 1195/1091/578 1194/1092/578 1193/1093/578 1192/1080/578 1295/1079/578 1150/1094/578 1148/1095/578 1146/1096/578
f 1150/1094/578 1295/1079/578 1304/1097/578 1303/1098/578 1302/1099/578 1301/1100/578 1300/1101/578 1299/1102/578 1298/1103/578 1297/1077/578 1170/1076/578 1168/1104/578 1166/1105/578 1164/1106/578 1162/1107/578 1160/1108/578 1158/1109/578 1156/1110/578 1154/1111/578 1152/1112/578
f 1172/1075/578 1308/1074/578 1307/1113/578 1306/1066/578 1276/1065/578 1275/1114/578 1274/1115/578 1273/1116/578 1272/1117/578 1271/1118/578 1270/983/578 1410/982/578 1409/1119/578 1408/1120/578 1407/1121/578 1406/1122/578 1405/1123/578 1404/1124/578 1403/1125/578 1402/1126/578 1401/1127/578 1400/1128/578 1399/1129/578 1398/1130/578 1397/1131/578 1396/1132/578 1395/1133/578 1394/1134/578 1393/1135/578 1392/1136/578 1391/1137/578 1390/1138/578 1389/1139/578 1388/1140/578 1387/1141/578 1386/958/578 1180/957/578 1178/1142/578 1176/1143/578 1174/1144/578
f 1339/1169/578 1338/1168/578 1337/1167/578 1336/1166/578 1335/1165/578 1334/1164/578 1333/1163/578 1332/1162/578 1331/1161/578 1330/1160/578 1329/1159/578 1328/1158/578 1327/1157/578 1326/1156/578 1325/1155/578 1324/1154/578 1323/1153/578 1322/1152/578 1321/1151/578 1320/1150/578 1319/1149/578 1318/1148/578 1317/1147/578 1316/1146/578 1315/1145/578 1362/1170/578 1361/1171/578 1360/1172/578 1359/1173/578 1358/1174/578 1357/1175/578 1356/1176/578 1355/1177/578 1354/1178/578 1353/1179/578 1352/1180/578 1351/1181/578 1350/1182/578 1349/1183/578 1348/1184/578 1347/1185/578 1346/1186/578 1345/1187/578 1344/1188/578 1343/1189/578 1342/1190/578 1341/1191/578 1340/1192/578
f 1223/1217/578 1222/1216/578 1221/1215/578 1220/1214/578 1219/1213/578 1218/1212/578 1217/1211/578 1216/1210/578 1215/1209/578 1214/1208/578 1213/1207/578 1212/1206/578 1211/1205/578 1210/1204/578 1209/1203/578 1208/1202/578 1207/1201/578 1206/1200/578 1205/1199/578 1204/1198/578 1203/1197/578 1202/1196/578 1201/1195/578 1200/1194/578 1199/1193/578 1246/1218/578 1245/1219/578 1244/1220/578 1243/1221/578 1242/1222/578 1241/1223/578 1240/1224/578 1239/1225/578 1238/1226/578 1237/1227/578 1236/1228/578 1235/1229/578 1234/1230/578 1233/1231/578 1232/1232/578 1231/1233/578 1230/1234/578 1229/1235/578 1228/1236/578 1227/1237/578 1226/1238/578 1225/1239/578 1224/1240/578
usemtl White
f 1298/1103/578 1299/1102/578 1300/1101/578 1301/1100/578 1302/1099/578 1303/1098/578 1304/1097/578 1295/1079/578 1296/1078/578 1297/1077/578
f 1193/1093/578 1194/1092/578 1195/1091/578 1196/1090/578 1197/1089/578 1198/1084/578 1189/1083/578 1190/1082/578 1191/1081/578 1192/1080/578
f 1387/1141/578 1388/1140/578 1389/1139/578 1390/1138/578 1391/1137/578 1392/1136/578 1393/1135/578 1394/1134/578 1395/1133/578 1396/1132/578 1397/1131/578 1398/1130/578 1399/1129/578 1400/1128/578 1401/1127/578 1402/1126/578 1403/1125/578 1404/1124/578 1405/1123/578 1406/1122/578 1407/1121/578 1408/1120/578 1409/1119/578 1410/982/578 1315/1145/578 1316/1146/578 1317/1147/578 1318/1148/578 1319/1149/578 1320/1150/578 1321/1151/578 1322/1152/578 1323/1153/578 1324/1154/578 1325/1155/578 1326/1156/578 1327/1157/578 1328/1158/578 1329/1159/578 1330/1160/578 1331/1161/578 1332/1162/578 1333/1163/578 1334/1164/578 1335/1165/578 1336/1166/578 1337/1167/578 1338/1168/578 1339/1169/578 1386/958/578
f 1340/1192/578 1341/1191/578 1342/1190/578 1343/1189/578 1344/1188/578 1345/1187/578 1346/1186/578 1347/1185/578 1348/1184/578 1349/1183/578 1350/1182/578 1351/1181/578 1352/1180/578 1353/1179/578 1354/1178/578 1355/1177/578 1356/1176/578 1357/1175/578 1358/1174/578 1359/1173/578 1360/1172/578 1361/1171/578 1362/1170/578 1315/1145/578 1410/982/578 1363/981/578 1364/980/578 1365/979/578 1366/978/578 1367/977/578 1368/976/578 1369/975/578 1370/974/578 1371/973/578 1372/972/578 1373/971/578 1374/970/578 1375/969/578 1376/968/578 1377/967/578 1378/966/578 1379/965/578 1380/964/578 1381/963/578 1382/962/578 1383/961/578 1384/960/578 1385/959/578 1386/958/578 1339/1169/578
f 1271/1118/578 1272/1117/578 1273/1116/578 1274/1115/578 1275/1114/578 1276/1065/578 1277/1064/578 1278/1063/578 1279/1062/578 1280/1061/578 1281/1060/578 1282/1059/578 1283/1058/578 1284/1057/578 1285/1056/578 1286/1055/578 1287/1054/578 1288/1053/578 1289/1052/578 1290/1051/578 1291/1050/578 1292/1049/578 1293/1048/578 1294/1007/578 1199/1193/578 1200/1194/578 1201/1195/578 1202/1196/578 1203/1197/578 1204/1198/578 1205/1199/578 1206/1200/578 1207/1201/578 1208/1202/578 1209/1203/578 1210/1204/578 1211/1205/578 1212/1206/578 1213/1207/578 1214/1208/578 1215/1209/578 1216/1210/578 1217/1211/578 1218/1212/578 1219/1213/578 1220/1214/578 1221/1215/578 1222/1216/578 1223/1217/578 1270/983/578
f 1224/1240/578 1225/1239/578 1226/1238/578 1227/1237/578 1228/1236/578 1229/1235/578 1230/1234/578 1231/1233/578 1232/1232/578 1233/1231/578 1234/1230/578 1235/1229/578 1236/1228/578 1237/1227/578 1238/1226/578 1239/1225/578 1240/1224/578 1241/1223/578 1242/1222/578 1243/1221/578 1244/1220/578 1245/1219/578 1246/1218/578 1199/1193/578 1294/1007/578 1247/1006/578 1248/1005/578 1249/1004/578 1250/1003/578 1251/1002/578 1252/1001/578 1253/1000/578 1254/999/578 1255/998/578 1256/997/578 1257/996/578 1258/995/578 1259/994/578 1260/993/578 1261/992/578 1262/991/578 1263/990/578 1264/989/578 1265/988/578 1266/987/578 1267/986/578 1268/985/578 1269/984/578 1270/983/578 1223/1217/578
f 1307/1113/578 1308/1074/578 1309/1073/578 1310/1072/578 1311/1071/578 1312/1070/578 1313/1069/578 1314/1068/578 1305/1067/578 1306/1066/578
